replication,success,a_hat,m_hat,b_hat,loglik
1,True,0.05310873591479667,1.8786805085958844,1.9086678852936478,-385.0910405202178
2,True,9.999999999999997e-06,0.8431878737591966,3.225735575201892,-390.78550889373366
3,True,0.8258591292884138,0.8347636574235532,2.2171394235055413,-386.5934394403363
4,True,0.0795734478587403,1.983515079236757,2.018352340325707,-392.7040604741975
5,True,0.017552542184535065,1.0209015603353446,3.408111957963505,-402.08106752576884
6,True,9.999999999999997e-06,0.40285183174976613,2.6773624421597675,-355.00623953180343
7,True,0.27767341631726855,0.2820417490211826,2.8950508304292253,-369.57183469321166
8,True,0.25422887945447487,1.287131424148544,2.510648848643595,-391.77248724293884
9,True,0.5507532893648167,0.5666296070982555,3.331008986225013,-402.69030718911245
10,True,0.053111307069262426,1.7334657634739936,1.805810659767954,-376.67142121431095
11,True,1.2124185940151815e-05,1.5809680959882138,1.678547459853098,-364.4481566108177
12,True,0.7378489952334955,0.7759783954869968,2.837909944664515,-400.8060661237731
13,True,0.24290473867553405,0.2451239156151373,2.7712848769712393,-362.21337057600226
14,True,0.6103925092579777,0.8934610174810604,2.676047319278843,-395.7858830917159
15,True,0.036520800093325125,0.49330268001150474,3.4583916279109683,-387.04254204267323
16,True,9.999999999999997e-06,1.0426527320467482,2.2870979988816442,-366.5854834680608
17,True,1.293626561058587,1.323848855367568,1.3544563926818718,-389.95265566199555
18,True,1.047622622885845,1.1008716118277404,1.1688992007181347,-367.2946118160079
19,True,1.2319783236693076,1.2778048523497416,1.307782785119986,-384.85791404519955
20,True,0.48037278657082083,1.1967499721817014,1.2166654066442808,-350.2561942628961
21,True,1.362210011753397,1.4177486782843063,1.4578753577416081,-397.91599104969146
22,True,1.1561109076400427,1.1875895112142327,1.227147816091462,-376.5217720508159
23,True,0.6382910790742937,0.649958853245422,1.901070130131381,-362.1148537724704
24,True,1.099644730915641,1.2332298002892694,1.3163905179303164,-379.2068959973333
25,True,1.0169142988479432,1.0887970656634465,1.1185340368104109,-363.76899786215307
26,True,1.1085107201276097,1.1468711409229813,1.1666468980620779,-371.12338187611147
27,True,1.1632744820319545,1.2028019572760735,1.2263112943143804,-377.0453964009858
28,True,0.6428457369387045,0.6522803506434801,2.4750189674239786,-382.7014455709631
29,True,0.04445585695032212,1.5025739946379024,1.5807403880431852,-359.34019275799085
30,True,0.5996268241766383,0.6140023330057817,2.520122446357307,-381.37311164782045
31,True,9.999999999999997e-06,0.5806695007772781,2.9463495920094864,-372.4390758203077
32,True,0.33788544095769235,0.3441030222394268,3.086589247844865,-380.9756506586131
33,True,8.852381527805769e-05,1.571567767349531,1.5952375900198799,-360.8189762577037
34,True,0.22671662415470303,1.0593842722411908,2.5095903383487617,-383.4078806147293
35,True,0.16458072317246622,1.4629657684868798,1.4765934859928658,-358.72040771111506
36,True,0.0820780377473938,0.08375877529970963,3.9758179513607326,-388.690393862534
37,True,0.09478223107913748,0.09682433947545091,3.5463597195749395,-377.28515701786506
38,True,0.36416602425600725,0.3784189030753653,2.886019380123754,-376.85830096981533
39,True,0.45237172741020965,0.45689198906714257,2.7683230054748553,-378.49692289937644
40,True,0.39008969316470826,0.3983526683094508,2.2782476523494055,-356.3300736923239
41,True,9.999999999999997e-06,1.7297602615589627,1.7477684662459871,-372.663099218266
42,True,0.027969823803020002,1.6897827108678043,1.7013284899899355,-370.4972456328261
43,True,0.9302067502809755,1.0560674799884087,1.5709234477312077,-376.0156218587773
44,True,1.1421347662745285,1.1607024266652344,1.1620252540277753,-372.7412279779023
45,True,0.35183008896443496,0.3660378302901979,3.227043502450234,-386.7448574428143
46,True,1.0562584189896485,1.1145342999005179,1.1570011186725613,-367.7026555184158
47,True,0.679542407771732,0.7452811669119164,2.3907838967647344,-384.466537748326
48,True,0.2247538758997716,0.2265720834844578,3.3627421156290573,-380.8093066444251
49,True,1.5897157628993304e-05,1.825313856065045,1.869225541646006,-379.95236592235847
50,True,2.413465324103356e-05,1.4833682145943519,1.5117500005128175,-353.9350102106084
51,True,1.1243072017360563e-05,1.8740813072565865,1.9113362753288698,-383.13114640629175
52,True,0.7869626650257929,0.8036326224182291,1.5064671104338068,-358.6862599470585
53,True,0.5887064873502122,0.609303149918625,2.720126404966824,-387.4123237081692
54,True,1.2430456177305635,1.3246572248959674,1.3573695360281812,-388.3236323760914
55,True,9.999999999999997e-06,1.016886066401841,2.646479872238695,-378.2882627161555
56,True,1.045659202828534,1.0961216675574184,1.114429663641127,-364.97904907630584
57,True,0.9684542324195775,1.0151714221717405,1.0572500544578252,-356.4104223776709
58,True,1.094749398513163,1.1520138357114555,1.1644728934159925,-370.62959874392766
59,True,0.8535002237119845,0.8699985361324942,2.1194572969988323,-385.55420108722217
60,True,0.4112509755831693,0.42111751949129145,3.273223228837972,-392.1028620249076
61,True,0.14174322030300499,0.1427183228419628,4.170653870548011,-399.22041391218835
62,True,0.9283503278494597,0.9663348802829603,0.9986070983498982,-350.1906044146521
63,True,1.1466632559734153,1.1762966796421643,1.2144337988992249,-375.56102091330513
64,True,0.25514784969747123,0.2609714952923825,3.6961884100466564,-394.0148407003612
65,True,9.999999999999997e-06,0.9103023679116017,3.2096986678136576,-392.4275468798614
66,True,0.9213403005726614,0.9391939360601299,0.949538090716574,-346.9871273404641
67,True,0.0002686366545210971,1.83857365605769,1.861990375164725,-380.3192176037386
68,True,0.3637689874717797,0.37158046815223744,2.8762207849363195,-375.8700301670074
69,True,1.253349208216603,1.3235120698924332,1.3907357301374954,-389.58829077143025
70,True,0.9816442932217325,1.00540768601246,1.0422757239264815,-355.9535305860569
71,True,0.6034540384353989,0.6139826332512075,2.8878258888543127,-393.11142903068674
72,True,0.7030385210232545,0.7179806948797733,2.2658932813653383,-380.17608652931284
73,True,0.0043298963934610395,1.653055596022184,1.7208759269267015,-368.84189970365173
74,True,0.6499316700782571,0.6859386550992852,1.8038675655516943,-360.2512780757162
75,True,1.1454436602002662,1.1927672273949663,1.2495932737733983,-377.07050478132294
76,True,0.7832260872480613,0.7979834270249045,2.5719917616653873,-395.07738898012786
77,True,0.9335254099113333,1.0317320607275118,1.1063792215376538,-357.67709208622
78,True,1.057884012235326,1.1362586447857141,1.162370321330637,-368.77446655921375
79,True,0.7341259832799483,0.754417735163983,2.290576660540938,-383.2897400387809
80,True,1.0000000049940636e-05,1.4574215773839307,2.1238770141649765,-376.07361684645434
81,True,1.1759443705804045,1.2776576504643058,1.338733430033702,-383.992756312982
82,True,1.2256846528341143,1.274814055895753,1.3144000463947656,-384.7786783833618
83,True,0.6482362018678515,0.6641010949225679,2.708477058966559,-390.7648221626244
84,True,0.3138275185305317,1.6217308059112405,1.6692413144202682,-377.48563625311783
85,True,0.9081487619636548,0.9401060259017986,1.9144962454015577,-383.00205753641205
86,True,1.3253284385190598,1.442035483734113,1.4770834446179388,-398.0992656513632
87,True,0.1380753348237491,1.1120896496721688,2.1056614702354204,-368.09396792792063
88,True,9.999999999999997e-06,1.8819670616279018,1.972973887595997,-385.44398035798133
89,True,1.0240179542614403,1.2264408449602573,1.3072744210571328,-376.0648066268658
90,True,0.38945779127806235,0.39369123169713366,2.889473881267586,-378.0956865607962
91,True,1.2614458871042586,1.2988318630914844,1.3318551763254591,-386.9606834839894
92,True,0.02298120671686779,1.8391910662593178,1.8458740371150066,-379.66517061553014
93,True,0.5566432705174831,0.5683316890007466,2.2742667365203926,-369.75522386296166
94,True,0.5400297103863646,0.5485235231746584,2.470157342604887,-375.224243533689
95,True,0.4874043823294172,0.49492858453822686,3.216215029970432,-395.16627073109703
96,True,0.28958340763935236,0.2964752570998974,2.8934018352515616,-370.85982264577575
97,True,5.927349846908839e-05,0.9682179876852777,2.5480768119595663,-372.9365729410299
98,True,0.26170942811088677,0.2675823016472021,2.7963670078116722,-364.9895070850819
99,True,1.2285823831880514,1.436460159001664,1.538276176973191,-396.8878542710851
100,True,0.6432736929476182,0.667936865101315,1.7389561588604825,-356.6608714589046
101,True,0.40745189342882315,1.564116325283187,1.632323876977871,-377.5461164390563
102,True,0.12402709850098093,0.4058885807212686,2.9164032107431135,-369.0772101894628
103,True,0.599568995200351,0.6091258898204083,3.0030839304782697,-396.13956469981315
104,True,0.30137340739940527,0.3054258972644795,3.0616019260404737,-377.14064734678334
105,True,0.1601465173938369,1.9414514901430886,1.9824698846906132,-392.89670303544204
106,True,0.29705283519655706,0.29956118416115507,2.8077505940803733,-367.99250917909274
107,True,0.3509061389365542,0.7510454194264984,1.9961107783523522,-358.2943273952551
108,True,9.999999999999997e-06,0.48896701925376446,2.9099181748413194,-367.50445173107556
109,True,1.1365259917850428,1.3612904385790567,1.4446389056243067,-388.8881988939761
110,True,1.062038309875327,1.16181354083766,1.1759453273017317,-370.3735747421181
111,True,0.7950289479771389,0.8090092041750957,1.9663111179596715,-376.3472307479673
112,True,0.5492205711565415,0.5542882102167453,2.670167739118751,-382.2068063678902
113,True,0.8574661429414393,0.8717192868198865,2.273202916786267,-390.5155845594523
114,True,9.999999999999997e-06,0.829269046831719,2.6761787653248543,-372.35112130063374
115,True,0.7411639596080094,0.763236142421439,1.786212458681582,-366.18190718246086
116,True,0.6969744113495173,0.7116936348065914,2.3311662828931885,-381.89757344251257
117,True,1.1474775082643132,1.1837751965217729,1.2196202975356594,-375.9489459320234
118,True,1.0453941702288778,1.0803056621893863,1.1121708139217081,-364.42725398023845
119,True,1.0992635632985457,1.1139003256946376,1.1187107949735013,-367.79733828659744
120,True,9.999999999999997e-06,0.8407133359163407,2.231133305820353,-356.2712721906678
121,True,0.00043116255432578483,1.6964099003474278,1.7073702126771626,-369.8170194515798
122,True,0.5487100503341232,0.5616329914999709,2.727125493771309,-384.4990698100229
123,True,0.46248432837430936,0.4860361082474583,2.042510014141199,-353.6634601425807
124,True,0.9630972229507345,1.0304234821662195,1.0639336607726932,-357.22388245878113
125,True,0.5186447198693409,0.5443429195815234,2.671671691382223,-381.1453631657066
126,True,9.999999999999997e-06,0.6650656253526962,3.2523658211573205,-385.29647758633837
127,True,1.1230454825840535,1.1978324221972931,1.2388696281363687,-376.1208894212177
128,True,0.09023482324336496,2.0088897356590643,2.0311265266815957,-394.19664369327586
129,True,0.4792292750003069,0.4858221926120665,2.552630709134032,-373.44012116601226
130,True,1.215926161494824,1.2727226952371093,1.324701023665946,-384.71853844433247
131,True,0.25654302722382855,0.2657029756776675,2.9517706380814244,-369.8435419967602
132,True,1.0000000142749633e-05,1.722524395253757,1.7448941524245798,-372.2818364782546
133,True,2.23315216438569e-05,1.9518951714458865,1.9789727146760683,-387.8899399685965
134,True,0.010799535154625933,1.7864664697093522,2.6195354190981845,-402.2589139459119
135,True,1.0789347650436258,1.1731892359745897,1.1931986934088126,-372.02939651307736
136,True,1.6081381712231353e-05,1.8882828793001092,1.9230590992274925,-384.1570173216934
137,True,0.04079514440512727,0.22901256020881522,3.568953060835685,-380.045978226476
138,True,0.11776062949257729,1.415373913719216,1.4521619913840726,-353.7172164187615
139,True,1.221235084067458,1.2683939391167753,1.3159170607704338,-384.45845705942094
140,True,0.477721717422319,1.896959265722971,1.9685934051977596,-400.8613736889751
141,True,0.1647232883714541,0.16656727327968476,2.8891686925859035,-359.4053525354357
142,True,0.6533974058746809,0.6647155215708195,2.275353305354567,-376.875228893138
143,True,0.49296106948303864,0.5064392861236788,2.3464256275924122,-367.5114572161651
144,True,9.999999999999997e-06,0.8957866221789815,3.16764230947169,-390.46306264051333
145,True,0.0028330873801012506,2.070124445593537,2.095790539407466,-395.0534449539276
146,True,0.7338177926415793,0.7422115818703816,2.3567712623807253,-384.9979986120402
147,True,0.4599082100300519,0.4654055207648926,2.563593691698923,-372.444639418764
148,True,1.0760177491080276,1.122468010782967,1.1459888053180745,-368.3956030567904
149,True,0.13983765003359946,0.9482649077338491,2.132565883961265,-362.8046504012625
150,True,0.10916169348542723,1.9692026400315346,2.215474705002339,-399.014230699414
151,True,9.999999999999997e-06,0.38048617978238286,3.3555795607470147,-378.520268114607
152,True,0.45581099529265673,1.6639617333461083,1.6939503636475777,-384.6396638069633
153,True,0.004731715281875706,0.004987502601836519,3.3500374298917803,-361.66561013285013
154,True,1.1556043768903543,1.4294740299896191,1.502028392470797,-393.38453883124316
155,True,1.1593813152225674,1.228804287667891,1.280973511429568,-379.84424328571447
156,True,0.2695598999208379,0.2720800868471273,2.9217420116445827,-369.64576016332796
157,True,3.0025897950403305e-05,1.7903642024278668,1.7919932175981523,-376.42596060943225
158,True,9.999999999999997e-06,1.9999999999999995e-05,3.6113842529958067,-370.0605052851262
159,True,0.7946701124402062,0.9319339177847155,1.3837831259434805,-359.2311036549228
160,True,0.6026943732787864,0.627959460446573,2.1362274686771174,-368.8090668922483
161,True,1.2756063942549014,1.3545953972872018,1.4012389322302772,-391.666420074799
162,True,0.41624985204549997,0.41981040218132615,2.5309662856965818,-367.6977495300133
163,True,0.32916709298933644,0.3359915860632696,2.8823908333150436,-373.29037132328284
164,True,1.1885524068531135,1.228706708767345,1.2352128300327683,-378.88726318186184
165,True,9.999999999999997e-06,1.1210147469772154,2.807948562995428,-387.1542393685352
166,True,0.5059349632319967,0.5178153630753246,2.4913913591038757,-373.7363438295349
167,True,0.6622676926201452,0.6718623292240223,2.6253246646339745,-388.6114656409469
168,True,0.003481987629504485,0.5117993043852109,2.8607076374170894,-366.5208063909378
169,True,0.8207100002526239,0.8370399209744969,1.5673188222645398,-363.6887855897426
170,True,1.4239890138849782,1.4850651537771296,1.4910916320309588,-402.6188614596696
171,True,0.3731962534254076,1.8180265730372176,1.849884453597367,-391.826007461633
172,True,0.013984162639296301,0.9000135282507323,3.2298200128183012,-393.1516335010799
173,True,0.5908079179022094,0.5975953204586129,2.5205840138060145,-380.3603173163148
174,True,1.1579327720458612,1.193237894124436,1.2403509259852932,-377.24380065697045
175,True,0.47156578371082286,0.4817016196493837,4.055688181547034,-416.826832399901
176,True,0.6971164649692726,0.7090742603448388,2.383178933127331,-383.5863988038235
177,True,0.6455850301460444,0.6627324321051437,2.1649894936253617,-372.70887122673105
178,True,0.566132267417657,0.5834476396323043,2.402184968549323,-375.24317979386933
179,True,9.999999999999997e-06,1.8471567144405594,1.8802980427500045,-381.3854238992385
180,True,9.999999999999997e-06,1.4532146798376904,3.0991853411578907,-405.68544436307
181,True,0.15149664294494508,1.6475756779983242,1.7616569733247718,-375.73330719280204
182,True,1.1851337435019627,1.2353063907346462,1.2400132657469949,-379.58746752801983
183,True,1.4405262720225738,1.4800619568866316,1.5154595768123642,-403.62421280427424
184,True,0.7824122619231844,0.8046300356931261,2.2984178177024397,-386.853885605709
185,True,1.0000000150789548e-05,2.027192782485873,2.0621169021124093,-392.9365536710017
186,True,0.9377235128921947,0.9513087628148102,2.3702267471810625,-398.3917414102537
187,True,0.08771964235516586,0.9884139953516473,2.304348032130802,-368.64305330256684
188,True,0.04560646261262145,1.6159132496243618,1.623927283215572,-365.64753117822806
189,True,1.2729523596594265,1.3370221169497154,1.3726313682191393,-390.21961475780466
190,True,0.6451557568255464,0.6556713367516763,2.333767383851431,-378.31156847634657
191,True,0.9144326923452627,0.9639370047340808,0.979994487718884,-348.7273211578912
192,True,0.5490087631489812,0.5588491938989217,3.1353649088619964,-396.7169645595419
193,True,1.2744602364677098,1.3469027393625161,1.3640711551995361,-390.28721594764556
194,True,1.0348033439555886,1.1004323903535127,1.11933358305225,-364.8314994028203
195,True,1.1548375502134194,1.1749226157388106,1.1801308769436714,-374.4283401475185
196,True,1.03302739071165,1.1269373441089052,1.159184150306225,-367.37938166033575
197,True,0.6567911036951448,0.6684240970283125,2.0215628474656664,-368.14475217341067
198,True,1.2078387989675496,1.2322181802967538,1.2558391478954005,-380.79215503049414
199,True,0.5240664933720529,0.5292547155015009,2.4405769526251864,-372.88233129065645
200,True,1.2805746257517505,1.3584299584198078,1.4288097047990893,-392.7750348551884
201,True,1.241182965622255,1.2698477574457039,1.3226169309902815,-385.3114037855295
202,True,0.8544321222871994,0.9664039935113979,1.8920613972558122,-381.33505968815194
203,True,1.1437759043966242,1.1988754981248455,1.2405960278136843,-376.72592078536513
204,True,0.4961700821948684,0.5080538170940105,2.4326367838899348,-370.82182396223374
205,True,9.999999999999997e-06,0.35756794538723524,3.374069225724398,-377.63026658044976
206,True,0.32899073345116,1.5925232664384668,1.6287401551719263,-375.5937575345889
207,True,1.006676025895583,1.0743269478722064,1.0828356552308425,-361.34112882555115
208,True,0.8678527045428701,0.8911472453901312,1.8100811232408316,-376.3891069034712
209,True,0.028178613201071376,1.7114237351838861,1.7474157406578195,-372.84848612563354
210,True,2.3755757882767657e-05,2.000786920418202,2.021760925690274,-390.8098318272753
211,True,0.4467857985069896,0.4554696530922567,2.571465222032467,-371.6589501231542
212,True,0.43621858262155877,0.44427424314447206,2.411138445040315,-365.0466116437069
213,True,0.9740856206803158,1.1575214021511686,1.5282048570200046,-379.58012251098285
214,True,0.3492196548089701,1.5086707811522349,1.5566674516052044,-370.7591362436272
215,True,0.08636825370522519,1.5146272136104313,1.5277280086518898,-359.56486162265765
216,True,0.5827447845774427,0.5948267208547523,2.1107920821573405,-365.7703564315198
217,True,1.1797125536074549,1.226745585684996,1.2759921613547125,-380.32249153282396
218,True,0.03873297508406126,1.923987109419558,1.9714708538769186,-387.96245692000383
219,True,1.1154927676146282,1.1574151033342466,1.1853392590702039,-372.52072235448185
220,True,0.6908498896447098,0.7061893452900582,1.9714037244851195,-369.0004357137738
221,True,0.13455170059182242,1.7521116801510452,1.7832264825902306,-379.54680703047785
222,True,0.6068380504695294,0.6174913005749163,3.267944175904184,-404.22347338749296
223,True,1.0703111001046597,1.1529239003332008,1.1837945892780308,-370.65779019042924
224,True,0.8593201175286467,0.8802056078269409,1.4604647019167958,-362.7912820119851
225,True,0.02491923939683381,1.0486359335284474,2.807260944212775,-385.4944031243121
226,True,0.513077630955389,0.5230152466607848,2.880854548522146,-386.79713921749516
227,True,1.0758643325416704,1.1318621527316037,1.1926995665524276,-370.44756133911824
228,True,0.6969614223851693,0.7066818395165333,2.415433688495696,-384.3601201413768
229,True,0.2394536215849968,2.0214534265561612,2.051067720325638,-399.79771716386824
230,True,1.278626944850951,1.3132531335018052,1.345259493422343,-388.9505456260491
231,True,0.7106790995841719,1.5379345014280161,1.5683886888802974,-384.8095393732622
232,True,0.5149668625895145,0.5266025607825319,2.9304085517401903,-388.59803151359966
233,True,0.17278065525536593,0.17566468221185316,3.137969038194218,-369.4847398650553
234,True,1.0088035496531016,1.0506936929853676,1.0674512970022656,-360.2936204523138
235,True,0.662846487349322,0.6800857479208782,2.716297679175504,-391.82650556513977
236,True,1.0449228204278915,1.0901109644192228,1.1022471340918936,-363.97634370257805
237,True,0.5087827858036879,0.9989991533720077,1.7029920356914636,-363.111368982587
238,True,9.999999999999997e-06,0.6882423378138115,2.7508719714478236,-369.716198305722
239,True,0.3854070537930409,0.3943571834182045,3.3959772996493736,-393.94752460155263
240,True,9.999999999999997e-06,1.1190505254636576,2.3135449953318235,-370.5173555199147
241,True,1.2273986480609256,1.2601896518996836,1.2624802983099699,-382.22760949901703
242,True,1.1156382646590386,1.2155944926969802,1.258256977861307,-377.2551285225437
243,True,1.1673745214932545,1.2436998970619746,1.3068060265555996,-381.5543113342309
244,True,0.5997881938960355,0.6048609522068927,2.319422279556573,-374.20684220940564
245,True,0.48112872130559103,0.487804605481965,2.405498015075132,-368.603476268358
246,True,0.8518795336876088,0.8698200065765145,1.9354806391663115,-379.38591765659453
247,True,0.32959090068017355,1.811543123886798,2.094205632284913,-397.5833942251473
248,True,0.006539873308026299,0.9467801522997452,2.2302937451791762,-360.8190859132257
249,True,0.5910130273710598,0.5964365577347666,2.4202351409442513,-377.0066898855533
250,True,0.5011001290191267,0.5504113435305766,2.988330664204371,-390.8450072503158
251,True,9.999999999999997e-06,0.6839186378143527,2.752684318363852,-369.4483036360519
252,True,9.999999999999997e-06,0.43395591079348117,3.141633911200972,-373.3324120359173
253,True,0.442012638799082,1.2397887827349414,1.2648817044714575,-352.44268203265244
254,True,0.7452111241203975,0.7642490287412714,2.1232215884678385,-378.4462849969177
255,True,0.482311120083152,0.49152002682858187,2.2723295315369976,-363.75498796757114
256,True,1.128883726056064,1.1748265193939547,1.1895023735833858,-373.7169358427734
257,True,0.7641765591622385,0.7838995988473878,1.760996099476897,-366.88341984069615
258,True,0.10485505336722517,1.6090315041372854,1.647421346720358,-368.5101017749275
259,True,1.2523653526130427,1.3376309669110835,1.4063032744316408,-390.5489012444967
260,True,0.00011634135175295584,1.9417432793458813,1.9539116358011839,-386.7436835215418
261,True,0.3270696286528454,0.3327692174140323,3.349162547298494,-388.42017406806576
262,True,2.1485168256903102e-05,2.0672403357629165,2.1174987796658784,-395.56434547665754
263,True,0.47360214675573287,1.713218059694508,1.7361979867653172,-388.1313902987183
264,True,0.6118231051999312,0.6168202121457323,2.2072246985094632,-371.06517421388423
265,True,0.08191225035085989,1.593513747145267,1.603371351922274,-365.3562464109761
266,True,1.0297662445552695e-05,1.1973284483884927,2.1901130993865103,-368.94094515842767
267,True,1.3504861915481703e-05,1.7464901075129446,1.7828044869384465,-374.53213932930555
268,True,2.168549110834584e-05,1.706607450539897,1.8102151166999012,-373.89822751893
269,True,0.05282616752487123,1.981213253565463,2.01279960316915,-391.6463618421328
270,True,9.999999999999997e-06,1.932470365374722,1.9690055663649917,-386.9432219005114
271,True,1.2699273790686683,1.4578332864424066,1.4825726136728485,-397.10867657187924
272,True,0.6768048332006602,1.2863766477223928,1.3514932524508965,-367.1892741264528
273,True,1.0868652328022195,1.1749244643812307,1.2397974276268253,-374.073162532537
274,True,0.5617199248677569,0.5692708966195046,1.9766840881560381,-358.73214627102004
275,True,0.19067882826591284,0.882307016078954,2.0374780343728456,-358.5492183481169
276,True,0.5040972868753302,0.5334575247976473,2.855545443728986,-386.2526252181859
277,True,0.9276809756755917,0.9602837224666301,0.9908600374709141,-349.57804685832167
278,True,0.06603774058277864,1.7051745906744842,1.713186560387173,-372.9290487695958
279,True,0.31972110125184755,1.4713721739415146,1.4974332504642907,-366.0949145487294
280,True,0.4536645470161379,0.4597616376518988,2.6584062678300073,-375.1367033194069
281,True,0.24387772409528932,1.5928337484608563,1.687894168860916,-374.57321650725885
282,True,1.976036835310278e-05,1.9568632331892895,2.032205244862017,-389.6673579035055
283,True,0.650780009667462,0.6521644374599918,2.823629606050471,-393.5271085002057
284,True,0.5123874087293301,0.522231195687376,2.1523976034559738,-361.687436125799
285,True,0.5588541245767941,0.5721061158675901,2.2866171261639088,-370.29647356544194
286,True,0.06303377770232267,1.7808463177888363,1.8917987150490194,-381.5509674207261
287,True,2.3897911877422535e-05,1.7049221219286437,1.7421609404296068,-371.5397211461377
288,True,0.15244813167847984,0.6971595523901534,3.0279897295336484,-385.041304102093
289,True,0.34463306276580297,1.6395817180654835,1.6800090036320898,-379.4931175129532
290,True,3.640602600030734e-05,1.7664991980906506,1.7923729068598913,-375.51919993358354
291,True,0.008003743857394042,1.8127006211182262,1.848575480783358,-379.33036908249494
292,True,0.6619322847471583,0.673372181506897,2.308583856845124,-378.6022508300914
293,True,0.4956722542050415,0.503804809330314,2.8884804143569087,-385.81370024442936
294,True,1.0824985918211392,1.1668175796366431,1.197833385718356,-372.1544511641919
295,True,9.999999999999997e-06,0.2997657073539614,3.457652376754341,-378.34785874841845
296,True,1.0000000071072267e-05,0.7054867007096282,2.117705962627007,-345.4535886355725
297,True,1.2188596735994035,1.2857193231425055,1.3094447571588792,-384.67067248735697
298,True,0.8958767894292623,1.36669808379207,1.3829617554794524,-379.098175823233
299,True,1.1897670353160603,1.3140309361448046,2.0465066763636086,-406.76374191381734
300,True,1.2255017063251732,1.2328167091911215,1.2329683215351313,-380.5751942665533
301,True,9.999999999999997e-06,0.7128043729686344,2.56630283514678,-363.71418988123514
302,True,0.46954786595363696,0.47892440624155935,2.6405562121301527,-375.93741365754977
303,True,0.28893379642988415,0.29275599387176565,3.0386488177124997,-375.2140154556677
304,True,0.42320010220922455,0.43639774346064164,2.8046569260971577,-378.41952017903407
305,True,1.3403320525867075,1.3527863021077489,1.3651086033712971,-392.45043524868254
306,True,0.9466879449159387,0.9662384193072632,1.7528558337314657,-379.76619117858115
307,True,0.06848760149933118,0.35643317104769073,3.5114856515810255,-384.94496627211083
308,True,9.999999999999997e-06,1.9999999999999995e-05,3.4588680279472896,-364.4185782817507
309,True,0.9254501860620477,0.9512724508421834,2.3063584041246488,-396.13862526785323
310,True,0.8519717990040119,0.8617743277402142,2.070652811915955,-383.58290142397396
311,True,0.5227541804718394,0.5285590972464776,2.12990848120618,-361.44021718540046
312,True,0.14586705173556583,2.1529529820889124,2.1839928764001324,-404.5365268388251
313,True,1.088772289688907,1.1475581632637974,1.1682249324094707,-370.5568400664989
314,True,1.1478719026050694,1.175865333269655,1.220058963098003,-375.5460208750916
315,True,0.9997423136409415,1.0869397108198968,1.1169334476822514,-362.7617084159452
316,True,9.999999999999997e-06,0.29532716476906157,3.290552734222694,-372.6240954350152
317,True,3.59736144041771e-05,1.8790826152540563,1.9030909216758598,-383.0305677061896
318,True,0.7275711266400264,0.7403692091539797,1.858799023948572,-367.5159807395256
319,True,0.36904768587940295,0.37512494264471496,3.3801765887420387,-392.2296833671222
320,True,9.999999999999997e-06,0.5829549007355749,3.30042875960283,-383.5297598343545
321,True,2.461669495489239e-05,1.258487241635751,2.2547398103503244,-373.4762890030845
322,True,0.19451296365735554,0.1964824562018997,3.1765147441379082,-372.84761231319527
323,True,1.479906272739868e-05,1.6415619155131775,1.683011954944179,-366.95906211632166
324,True,0.6286913589910995,0.6389387765092072,2.8020490678675274,-392.0135734215006
325,True,0.03349090680674675,1.7323977076272632,1.755047118524663,-374.21006937399613
326,True,0.8038734270985128,0.8145296196182837,2.3438121039909556,-389.17524336588735
327,True,1.052930306362055,1.1126363133701533,1.1224808773023829,-366.2118236387541
328,True,0.8790409546325153,0.9178338502774976,1.5131503187810933,-367.010897615025
329,True,0.11886776222524917,1.6538218514269925,2.3036129531446834,-392.491636563522
330,True,1.3310125774900992,1.3630495595541015,1.3968226230330318,-393.34139448864704
331,True,0.0003587914832008969,1.8212245000313796,1.8451763667394447,-379.27287127158104
332,True,2.6972612963125914e-05,0.9245098650745204,2.541694656417856,-371.1535194495791
333,True,9.999999999999997e-06,1.0936145095919096,3.0483567086409353,-393.51577546633916
334,True,0.5560319312748925,0.5639899488559676,2.1253450973981343,-363.7677126427704
335,True,0.4718130919582302,0.4806111719822093,2.4841395780312636,-370.6599298743149
336,True,1.3476220474321978,1.4595912021340796,1.492359241808325,-399.6890879414668
337,True,0.46132157156196113,1.8186453525237603,1.902020139420934,-396.11154134714417
338,True,9.999999999999997e-06,1.0096359854793813,3.153385119798136,-393.89254759835745
339,True,1.205528344755772,1.265705249737204,1.2714646349599912,-382.15094772992387
340,True,9.999999999999997e-06,0.17618771854653414,3.1578900729029353,-362.81152049563013
341,True,1.1617647103143809,1.232941398108305,1.2575866361613597,-379.21283682881756
342,True,0.21084003324724335,1.820132032526961,1.8537014669893905,-386.7305598644233
343,True,0.4969708438769136,0.5046643261929191,2.4289205772066915,-370.6547462235185
344,True,1.0976398264607061,1.1614251016075263,1.222784081360087,-373.295792985428
345,True,0.2687180738885704,0.2774793595121215,3.2526776237658583,-381.3808679652934
346,True,0.6348392612398108,0.6418125065993856,2.545979522521262,-384.44356301325615
347,True,0.4291765910709332,0.43534687736376126,2.9924194104631905,-384.30896747277956
348,True,0.2149609520141867,0.21881919243047823,2.9639348422908114,-367.0475459679906
349,True,0.3985403769493066,0.4093664050657902,3.4454627956923134,-396.43927227801544
350,True,9.999999999999997e-06,1.0774876925266101,2.7700558531474333,-384.39104879491117
351,True,0.6043622033333736,0.6268638343898182,2.414321333119007,-378.6026487797237
352,True,0.9361579862807256,1.0265928777770434,1.0762778417995478,-356.32425803961405
353,True,1.140743336505929,1.278137702419319,1.3584691312202135,-383.57981528903906
354,True,0.6558359163316404,1.0031934341269801,1.9392833579051192,-377.36644887881084
355,True,0.4733230373522204,0.4861775864117343,2.5750953445553972,-374.212967765744
356,True,1.2578435105841859,1.322086851022464,1.358943047021711,-388.8485858868605
357,True,1.39670859684985,1.4378204142143869,1.4432470887923512,-399.3521295650895
358,True,1.1470177174567422,1.1723230112194734,1.1910759357843972,-374.3426606853677
359,True,0.29283887751953697,1.8758051477558149,1.9353739937632084,-393.64866418042345
360,True,9.999999999999997e-06,0.33556551598462275,3.440805452398554,-379.0066520675954
361,True,0.6123514091707642,0.6269857208612729,2.1652950829343736,-370.0796140697266
362,True,9.999999999999997e-06,0.9187409187914104,2.937250117320284,-384.27005117975375
363,True,0.3450311981702475,1.9046888958436519,1.9453930073648238,-396.4366553432431
364,True,0.580941885727971,0.5908727591336792,3.1537461588771416,-399.448325205922
365,True,0.7810803727184885,0.8000178507296406,1.857680229028444,-371.681002202624
366,True,0.4680701844003041,0.4762316889507383,2.1591815577009568,-358.1725276322262
367,True,0.12475719521452955,1.625843900111854,1.6499304571153,-369.96077586963713
368,True,8.87820205338803e-05,1.6527642991306268,2.17296514005529,-384.34995822489344
369,True,0.12250414588658204,1.0291703455997228,2.438503464149776,-376.1478279620469
370,True,0.5091093583697605,1.5670901749457693,1.5962676375651084,-379.95707108238224
371,True,0.5990238684681767,1.1849829517578203,2.259253802581568,-391.87606810450905
372,True,0.3256108243966429,0.3294598069695246,2.999719478906256,-377.23585422912083
373,True,0.03274872596327592,2.129254192729916,2.1851344304527536,-400.4775062238489
374,True,0.6491894224008463,1.3883039979532872,1.4534028187586774,-373.6512852071608
375,True,0.5910969882145141,0.5996046403379971,2.6305635806938708,-383.91330246513064
376,True,0.0024518975687989747,0.08864961481888387,3.8227669096316164,-380.57953180442473
377,True,0.4938052010586183,1.6226122129083793,1.6559552040141228,-383.20031803655297
378,True,0.972357891282596,1.0237409792590737,1.0365084852172057,-356.0937055899967
379,True,1.0357660460932858,1.278813257213556,1.3270038244628732,-378.96139136699276
380,True,1.063342064777792e-05,1.8434696443982515,1.8751046408187702,-380.9478085477275
381,True,0.06991352811857718,0.07072988639534965,3.816640075228024,-382.39923594874926
382,True,0.9301158652794399,1.0427091228956384,1.086027828300571,-356.9939154779661
383,True,0.4232843567096141,0.4292750821765657,2.5803707294535374,-370.27012044644323
384,True,9.999999999999997e-06,0.23969157071272154,3.382470644671328,-373.41911819667723
385,True,0.04029011742514163,0.04063242527404322,3.757358821134405,-378.60671925258407
386,True,0.8612271643215657,0.8755267803755044,1.9604727342124475,-380.75879842345796
387,True,1.2869450123466877,1.3438452441111892,1.398318433680238,-391.5852990127619
388,True,1.1240096449288393,1.15878888096055,1.188721287159981,-372.7489224353351
389,True,0.5611737292428884,0.5692786686238458,3.0667391701907327,-395.5776909572756
390,True,1.0016369491700925e-05,1.2966028212584002,2.35523558483758,-378.3242453456014
391,True,9.999999999999997e-06,1.1776781866751491,2.6779950068863823,-384.8642889480826
392,True,0.9937174932000907,1.0282496986213792,2.224787728396797,-398.0801040488979
393,True,0.427494303314529,1.4452655278947533,1.4664424940049556,-368.05152443053197
394,True,0.5441499663492233,0.5488189931007396,2.7975537902768908,-386.0498073954883
395,True,1.1374855893489233,1.2256242613956272,1.2918581014022874,-379.4143889897141
396,True,0.22286141549039815,0.22394036948106003,2.818144450754709,-361.9166609929953
397,True,0.160280410364016,1.5559662119579292,1.5883954036132193,-366.474755632527
398,True,0.46264023043321434,0.46760522831671686,2.9323615231539844,-384.8196921183168
399,True,0.8652672749888906,0.8855907903678473,1.6552100464155726,-370.52099681793516
400,True,0.625854806262496,0.6526765681070166,2.375848622664904,-378.9635757924512
401,True,1.2597602203864875,1.28697229248284,1.3080849406018704,-386.17505998761186
402,True,1.3215073660934593,1.3469397447645746,1.3604827451711545,-391.5922891728551
403,True,1.4068213438501014e-05,1.3362823486866942,1.9027511395675227,-363.5267173215327
404,True,1.0420910370885097,1.0949350075522104,1.6247440156843205,-382.9541429467656
405,True,1.0706409388535358,1.2282577711340656,1.3349798465849319,-378.660069191271
406,True,1.059062102801507,1.2445069512767455,1.3392446783756733,-379.00208317772933
407,True,0.6774096455332058,0.6884487902858373,2.382197177442688,-382.04196121490884
408,True,0.3003380612978076,0.304950980404568,3.0497468647555723,-375.8012762624813
409,True,0.8760811027053927,0.902421216696807,1.9059526059210996,-380.33733558395306
410,True,9.999999999999997e-06,0.7785862982207546,2.7715759999380687,-373.3582740061722
411,True,9.999999999999997e-06,0.7965496996247183,2.6227621219640103,-369.316021488156
412,True,0.014624385635402751,0.7150438812622274,2.448850303294776,-359.9572194767651
413,True,9.999999999999997e-06,0.6754499888195175,3.2051226932848498,-384.25896359993794
414,True,0.436977860749249,0.4445733805579437,3.12151938011774,-389.0771878823276
415,True,0.4665411953412687,0.47758531937580767,2.6413543475035297,-375.7868512856271
416,True,1.8927664929718437e-05,1.565128191689613,1.60828096070862,-361.1074962979977
417,True,0.6326660220515373,0.6871903834279026,2.459291382020552,-383.1363103766362
418,True,9.999999999999997e-06,1.3455164848835754,2.4014137826280764,-381.6598218721041
419,True,9.999999999999997e-06,1.4159803114458203,2.4168028190299813,-384.4187378784161
420,True,9.999999999999997e-06,0.9788002367252855,2.671953453938463,-377.76004910053337
421,True,0.0010148153976955589,0.0010469433866065131,3.6242552436141096,-370.96582020441974
422,True,0.051192970072290414,0.051774230762781814,4.036004015121272,-387.03595710703826
423,True,0.9462622129339455,1.0798358554649845,1.5842474968091227,-377.8745426131658
424,True,0.5406036344623854,0.5608656906042243,2.50744852686134,-377.11948382288966
425,True,0.0009209344391939383,1.6983163117971554,1.7254897244463852,-370.6633211522625
426,True,0.6657630355105724,0.675475987827988,2.6347844487255827,-389.35112144546747
427,True,0.5059623130987108,0.5096336825218574,2.6700309157662994,-378.9876063748892
428,True,0.38396528056972334,0.38953137181833525,2.3960423855147637,-360.17845019659455
429,True,0.30599580259573866,0.3090777924922251,2.6366347333417326,-362.76001578712976
430,True,0.4047108717026082,1.7604726303543143,1.7941615220192888,-389.2774154065795
431,True,9.999999999999997e-06,0.8996485799249021,2.392497464714812,-364.9302221411858
432,True,1.3672057457841288e-05,1.4820962058726497,1.5933428457563679,-357.1389037886868
433,True,0.009784299955638601,0.4703950852700678,3.6726561630723413,-391.6494627433774
434,True,0.7054926993567117,0.7166997710600433,2.2634298392495493,-380.0481419556639
435,True,1.0189034575092226,1.398067138777146,1.466557468834997,-387.0210232553861
436,True,9.999999999999997e-06,1.1530388707779318,1.9789096444610317,-359.2105636473219
437,True,1.0628903369648717,1.0933145700694045,1.1278001477940534,-366.05978596119115
438,True,1.1338293859932709,1.1837559796959558,1.2181911125176352,-375.40223385740103
439,True,3.295019041059136e-05,1.83735154260252,1.8791559213689462,-380.836063098433
440,True,0.3844989815172152,0.39171235623827994,2.4786864444041283,-363.50254355256595
441,True,2.330268601321332e-05,1.7590223141181873,1.782284279734405,-374.8254580421732
442,True,0.10348680938261624,1.5734806939721984,1.753341143687458,-370.9856319236999
443,True,1.1596590754780869,1.1996146806818642,1.2108443861643334,-376.2977274878698
444,True,0.5249444327714483,0.5285646118649613,3.203410976820165,-397.1141202044476
445,True,0.006487785280754286,1.8555063973925012,1.8897475832847266,-382.08227370875454
446,True,0.3593137455202738,0.38257642654377577,2.493210844382427,-362.73772510006563
447,True,0.0010941087185109089,2.107489358106826,2.107499358106826,-396.6996357534671
448,True,0.2327770062068134,0.23346095731442942,3.9289715508094765,-397.8162890785571
449,True,1.0002590817973001e-05,1.572183327236613,1.624969685047224,-362.15181953837424
450,True,0.3560028672120491,0.3592522812030844,3.12131173735725,-383.2549482081539
451,True,1.092710524613866e-05,1.7146399558882752,2.0115726683850594,-381.16151923814425
452,True,0.0014310973644545328,2.015275259298395,2.043029987845065,-391.9414251528376
453,True,1.0000463051256058e-05,0.9082470993335832,2.4588724662263153,-367.63160855112824
454,True,0.2054497530397239,1.5668300631358116,1.606273478635524,-369.30065037496627
455,True,1.1383651564382693,1.315093840720239,1.3845466301051208,-385.53108530752775
456,True,0.30601323112707013,0.31036393687237646,2.8327848869123082,-369.97023437232093
457,True,0.9016774822367766,0.9603641644914785,1.5217113291847055,-369.76619624585805
458,True,0.2625766676639697,0.2665238116600362,3.135559297217763,-376.9018686598935
459,True,0.715522265962625,0.7270493328478813,2.0506880633789883,-373.51785867085533
460,True,1.12945292799152,1.1944538335814934,1.2145137851298466,-375.4258632002485
461,True,0.00012608878583700439,0.0235013468434475,3.2657050197999724,-358.47816541916944
462,True,0.010559728331741562,0.22637972643754165,2.5578813482724274,-341.2283288376937
463,True,0.2940052455201193,0.3010000125508066,2.963430619065027,-373.48290577394675
464,True,1.0518065508099965,1.1106849428890289,1.1320586736839267,-366.2379014679523
465,True,9.999999999999997e-06,0.45875978220322133,3.4308096787484583,-383.3179132257509
466,True,0.6661045147198732,1.2643829081317104,1.3357555092413276,-365.3616985722098
467,True,1.687885680808334e-05,0.8008293420066779,3.375550704659651,-393.74150071807435
468,True,1.048081589022963,1.070744695246842,2.0148168365053314,-394.76698799529777
469,True,0.32238399126266315,0.3279620926953974,2.8625844612214704,-372.2804495502277
470,True,0.22064089263712838,1.7503287816307531,1.781898684645451,-382.47830658890166
471,True,0.4297953839179223,1.6783095761350468,1.7055644517934336,-384.62126845908335
472,True,0.10894721720703035,2.0026482959095704,2.0727619977357565,-395.8290981078221
473,True,0.3936653370407182,1.6691321482583572,1.7047976084510883,-383.0927771511416
474,True,0.17554482463177734,0.5723564583001735,2.9751671175133723,-379.49742232775714
475,True,0.5167998216963601,0.5252084171172309,2.6179425444432898,-378.4332247899596
476,True,4.371100684447215e-05,1.9807855793878475,2.028343196922864,-390.4152921585145
477,True,9.999999999999997e-06,0.6261840937167518,2.7974988137514707,-368.65202272013005
478,True,1.0155652964464247e-05,1.9357780924062513,1.9405206122918792,-386.17920837022876
479,True,2.0495383063233084e-05,2.1694715468117116,2.236072550984889,-402.0843988695503
480,True,0.2434922127818805,1.66146667281805,1.6909582975592874,-377.14145298881357
481,True,0.6904781111951113,0.7015947373595454,1.9587915509078875,-368.3435251605341
482,True,1.5570337278777635e-05,1.8882228915215926,1.9554046683078,-384.9916318981402
483,True,0.6661216887123396,1.5557833560362022,1.6228519508531916,-385.70970259218103
484,True,0.0003142449729546139,1.7409194065544493,1.763570283231183,-373.57010681759914
485,True,1.1613082531753136,1.203177326308496,1.2387763586853329,-377.41223881030055
486,True,0.5460655908988428,0.5607583363971373,2.369593542394435,-372.51622592415436
487,True,0.5141489777864333,0.5233790906891385,2.444929949654428,-372.3042441860964
488,True,1.1771014321796558,1.2431449044586906,1.2954103483056316,-381.4011260783651
489,True,0.5733298607504874,0.5835882624818177,2.2178171488483067,-368.95758859630246
490,True,0.34332537777259126,0.3493414665131277,2.806796579832684,-372.05783536137784
491,True,0.34536898031484853,0.7552601317447701,2.4424759696837337,-374.7397182189811
492,True,1.0458152806961982,1.0682774252407898,1.105805720961653,-363.2882728495652
493,True,0.4932237371686187,0.5029795467522191,2.504344367179164,-372.9512493319746
494,True,0.3628146828263095,0.3700300819579506,2.740966864722261,-371.36912498415757
495,True,0.41440015197092656,0.4247411856954778,2.763759791588668,-376.2158424071945
496,True,9.999999999999997e-06,1.276658917352848,2.5757709836609464,-384.87562792003496
497,True,0.15797935364530327,0.8555962973112586,3.005530272893571,-389.87330931638894
498,True,0.07948968638372773,1.720248344712001,1.7777351023030432,-376.2026577634875
499,True,1.2549126147260545,1.389001208031934,1.443637196762785,-393.3830757328219
500,True,0.4939239865151304,0.4982153668564138,2.8896675727521512,-385.29996545235986
501,True,0.7183100444348559,0.7288419380046212,2.2751441514600805,-381.35116106653084
502,True,1.243729245458625,1.2602186318378035,1.2820742890978536,-383.5282227297242
503,True,9.999999999999997e-06,1.6232969429322308,1.6507725473041546,-365.08145693613176
504,True,0.3170016717291402,0.3216942182798473,2.919865578978319,-373.6979490014494
505,True,0.07576092210275881,1.5216290051720172,1.5890948370962745,-361.7275320657663
506,True,9.999999999999997e-06,1.0410915922414201,2.3988418152187005,-370.65957344297624
507,True,1.0572168811068983,1.1675156273794405,1.2055463701669937,-371.4658305159048
508,True,0.4783343844315884,0.49083197583887034,2.3337832887515892,-365.9214301058514
509,True,0.665108458409932,0.7079389906508162,2.1609071385199075,-374.9014178505548
510,True,0.8485865900665062,1.435986610233979,1.4501490739663698,-382.07476642847905
511,True,0.48808875357266984,1.6031259939845903,1.6490256404637913,-382.19676606698704
512,True,1.2634997214056591,1.3039532337755044,1.3624548774616223,-388.4817374510179
513,True,9.999999999999997e-06,0.5358043555921963,2.923327614088972,-369.85158096691237
514,True,0.27896692534404455,0.2803230421085533,2.8703372801388225,-368.38380887673884
515,True,1.1296156985465744,1.2613807552531973,1.2954330160259422,-380.42808942339065
516,True,0.47509175875486315,0.481214144671417,3.1243626167607608,-391.4301503620356
517,True,0.033117146149422065,1.634098323741211,1.7160161319385265,-369.0897399052751
518,True,0.47196339548537186,0.4778022772340314,2.4279750088703747,-368.5381365714378
519,True,0.716118651237661,0.7250487090973832,2.303750112785318,-382.07709283049826
520,True,3.270571596028469e-05,1.7500146769267722,1.7847069144222683,-374.59486311989923
521,True,0.3502732960892226,0.35627909658203094,3.2183563373550457,-386.26909544681314
522,True,0.29643272067390913,0.29960136118949465,3.9065051885069804,-401.99443378146145
523,True,0.2574810722158594,0.26197507450929863,3.543495298736139,-389.2174574112738
524,True,9.999999999999997e-06,0.4584551811888766,3.0685040799444523,-371.88442117223076
525,True,0.0708174671055844,0.07134766655658874,3.3502678389768175,-367.833095393472
526,True,9.999999999999997e-06,0.8899858043034111,3.250863100025254,-393.089452004588
527,True,1.0044589226727019e-05,1.6819117347714805,2.42715435992978,-393.23325960539836
528,True,1.1551123022248433,1.2491142029024118,1.3252001872096155,-381.9349635231942
529,True,0.5682290600076142,0.5772498372172583,2.862887087686186,-389.9832004447218
530,True,0.7907393595998441,0.8094372502186453,2.05050909306125,-379.1115161488934
531,True,0.7880969759702178,0.8075057200855492,1.9152667437079183,-374.27740758912194
532,True,0.022869360735157676,0.861719134809298,2.608258972584745,-372.157863688049
533,True,0.5593073944888463,0.5687223804737548,1.6315845038442682,-344.04506289323166
534,True,0.6028129629783321,0.6117394733242314,2.635284727720477,-385.21047775837326
535,True,0.6187688327933946,0.6266718835041343,2.3032276506431195,-375.2203832705721
536,True,0.31977790857472627,0.3246054462317179,4.01002883122659,-406.23389972645316
537,True,0.6557411649954261,0.6764076483705224,1.5213726409507284,-348.39274166956034
538,True,1.080581959413193,1.1897357530103625,1.2230331253489417,-373.5748613539702
539,True,9.999999999999997e-06,1.0566421168543416,3.213837081188654,-397.3334858622702
540,True,0.01295542726914112,1.80985904728816,1.8705510787293647,-380.05826939392733
541,True,0.07867133246018031,1.6140323388779174,1.6574391634865644,-368.019180041513
542,True,1.1207816715357448,1.2881635979401966,1.4457489294990613,-386.06345609716493
543,True,1.0834551947439603e-05,0.5260788882476592,3.0369735343846225,-373.0799834798312
544,True,9.999999999999997e-06,1.166070640906249,2.6687387864709393,-384.2470108064583
545,True,0.2831600377694537,0.28724772264744036,3.152675154361336,-378.5540369024716
546,True,0.6810328864745298,0.7845865359044718,1.7433941173354048,-363.04442521552545
547,True,0.27278580158069965,0.2838077954743449,3.1375119661586526,-378.00337627900547
548,True,0.220445102589112,0.22333175709231493,3.8894966765156616,-396.81463108569267
549,True,0.9773514863890952,1.0755623163228747,1.1166970040410984,-361.60113664711264
550,True,0.24759658353750252,0.255286042344166,3.1154545891251217,-374.9117866340455
551,True,0.5914523198333934,0.5974239838907613,2.4051337410933673,-376.1679113176405
552,True,9.999999999999997e-06,1.2990902927538885,2.297901836683581,-376.48387889857827
553,True,1.1832474861060225,1.240947632317488,1.2578908346593702,-380.3130350639358
554,True,1.092494365260475,1.1446620685642122,1.1504822904962604,-369.9209546815895
555,True,0.25153563320136063,0.25462491197199033,2.509480474965252,-352.590915477241
556,True,0.6161294002990525,0.6252692648262229,2.6041776345930066,-384.7913457628638
557,True,0.2606186338107146,0.26260044451970715,3.1277081289002466,-375.8247010830964
558,True,0.3636482235310893,0.36790405193726144,2.94780852794738,-378.33585900075224
559,True,0.5988188808717255,0.607960315224318,2.333761353704777,-374.8346946426897
560,True,0.5276278027140543,0.5403057609802048,2.607002416734624,-379.2841026702477
561,True,0.7411238505443619,0.761886936931295,2.1770660371452366,-380.05081735967815
562,True,0.9353527992362726,0.9697019248641991,2.323003046516247,-397.51636950332494
563,True,0.775453633153209,0.7932653276288091,2.8820960638382855,-403.5616576434906
564,True,0.4039485182583465,0.40648707567275,2.613330355347308,-369.79450098822923
565,True,0.5439477841854048,0.5592462467702295,3.0312933749312956,-393.65559729298786
566,True,0.1320846809399921,1.6351797053083414,1.9018133053892532,-379.4366431421407
567,True,9.999999999999997e-06,0.6550150206068208,3.23916707145466,-384.6702933174985
568,True,0.4693451761162338,0.4767826179219009,2.1131415960019617,-356.3105450057807
569,True,0.4945367321237991,0.5097338898459216,2.794200921301999,-383.0602953916116
570,True,0.7820184489934776,0.8089912991998106,1.8909079368549166,-373.25675301931403
571,True,0.41587478117021354,0.4267939067470416,2.565656525737552,-369.50207352172276
572,True,0.685270614707812,0.6955888027731957,2.273428488071412,-378.91116078553756
573,True,0.8591251807418995,0.9189962786641409,1.4407647351096646,-363.52837050293584
574,True,0.48595873745076834,0.4951071640431655,3.0552905459972197,-390.47277813938763
575,True,0.5843005740004406,0.5953540168927721,2.056721275352253,-363.84745967412636
576,True,1.1997373023201716e-05,2.077672035848673,2.0959941875907178,-395.33573799029324
577,True,1.1208074996698862,1.1787786129351971,1.2285120435127264,-375.0818784198574
578,True,0.39303956172479565,0.40666498863072903,2.916098492554389,-379.91789719379335
579,True,0.199910744162704,1.6104260659054914,1.7437813394914474,-375.5810224511034
580,True,0.8433687932296429,0.865354175368955,1.6136936184982593,-367.46738409753334
581,True,1.0216862209898963,1.0492311983845204,2.5034096453111685,-407.3539243800194
582,True,1.096809913940332,1.1416402392539409,1.1486648416640843,-369.8909935884502
583,True,0.39203658713649825,0.39747692765744047,3.2958135884786723,-391.20866754283475
584,True,1.0033766392919047e-05,0.25404348367473734,4.087825458665645,-395.6533948324838
585,True,1.0000000006721341e-05,1.474705830803858,2.515412020343076,-389.47352592965285
586,True,0.9732411377713145,1.0228256741343444,1.0489136680986009,-356.5556458898644
587,True,0.0880168574750223,1.7362800101404177,1.7603878267852733,-376.5117860555897
588,True,1.2660785760341267,1.326708460149041,1.3537497450453726,-389.01068375884745
589,True,0.3444231586403042,0.34955101787468335,3.095458207443358,-381.53953250935797
590,True,0.3781263342159769,0.3826810494811035,3.071094994788577,-383.3211424193785
591,True,1.0099913892651443e-05,1.8136587116006118,1.8426222657866511,-378.7845194189024
592,True,0.8651844063224574,0.8825360930382544,2.103659233708923,-385.8290503382265
593,True,0.5877587395439251,0.609249891824728,2.2704264471771807,-372.33037999124497
594,True,0.07220125722206189,1.5843954541911012,1.6045127275921425,-364.7014911905186
595,True,0.11333231966386544,1.8278428631210828,1.8957499537966656,-385.02040339732247
596,True,0.1931207719572462,0.8383449903954748,1.8880716130806183,-350.68929600809133
597,True,1.0538102203384876,1.0752107782752645,1.9218302547488724,-392.24500787995834
598,True,0.3360953599156722,0.7618901781521225,2.0983398433121256,-362.1018618146539
599,True,9.999999999999997e-06,1.0455759082857532,3.0560652927817924,-392.2952022883177
600,True,0.4626520438905198,0.46904471104580153,2.633754803112971,-375.0119007958157
601,True,0.15080085650683436,1.632108860820179,1.6989992264432445,-372.9578023594412
602,True,0.023699900469924196,1.6295411619301994,1.6753899148391902,-367.0693466905866
603,True,1.0065341866838135e-05,2.1281038777210215,2.184043778213507,-399.3797072224927
604,True,0.35971716984726765,0.36589856667454557,2.7699017652460642,-371.84087077896817
605,True,0.4853104501975854,0.49291028692664257,2.552863008358477,-373.89675909768505
606,True,0.8885875327742417,0.9174879774706249,1.968797409061255,-383.357701331918
607,True,0.4931611327138542,0.5052857857616022,2.4529384792719107,-371.20437800693446
608,True,1.0048087257035682e-05,1.3450653130251193,2.2462410061288978,-376.287818368183
609,True,1.5662809915663158e-05,1.699981913241044,1.7318489211160015,-371.0105491812748
610,True,1.1587141863459234,1.2105523633224027,1.213757170473556,-376.8548374080059
611,True,4.2249188656123745e-05,2.145727873171395,2.1970036970414863,-400.30673778354196
612,True,9.999999999999997e-06,0.1694932994855543,3.4648189484399134,-373.381761101067
613,True,0.6648229310442706,0.6723871561706114,2.3348693167368317,-379.6008643283423
614,True,0.6778283957847899,0.6892248862659657,2.307175726835125,-379.6246364635067
615,True,0.36454107785049983,1.888749225768553,1.9413827228879952,-396.4553836034197
616,True,0.5575803325712599,0.5635866202186569,2.2050321788795753,-366.7993575595325
617,True,0.04947097887565682,1.617538540024472,1.626473597446298,-365.8654060597237
618,True,0.5546709601871747,1.3553434427094417,1.4084708980188871,-367.2700569191679
619,True,2.257280485247321e-05,2.138758513843099,2.165160251428948,-399.16135705625675
620,True,0.533606052789218,0.5390858991491804,2.681410875273432,-381.7238207595679
621,True,0.17072283710006952,0.17594121739920623,3.3564027375793564,-376.98621613622083
622,True,0.5456040090745065,0.5506044295798495,3.171614033628877,-396.90900538722724
623,True,2.4544962745845997e-05,1.6478099036781153,1.674052725772898,-366.72900585018954
624,True,0.8453817792095626,0.8697092985938779,1.8039384653408232,-374.62424743688
625,True,0.7824179302277776,0.8092285757171539,1.5508915400330898,-360.496156863672
626,True,1.0463219649015436,1.0853632336109573,1.0999262952067306,-364.2118413197296
627,True,0.5052879180642691,0.5118144486344327,2.7927132714877247,-383.5096644024402
628,True,9.999999999999997e-06,0.41175876623616753,3.1681912064358864,-373.2716526085199
629,True,0.08347838672810323,0.47651110135834673,3.5266251405508955,-390.5806141814379
630,True,9.999999999999997e-06,0.7171837929500618,2.7304846899057984,-370.07388101580636
631,True,0.9929793321395456,1.7488656866393963,1.7892021685819335,-406.279712109912
632,True,1.1870247536801861,1.2498877445747711,1.3452232788170118,-383.7162541747554
633,True,1.0272142221077037e-05,1.7695526515068023,2.2138767898480984,-389.51095274679994
634,True,6.25041017500381e-05,1.5299442100699665,1.5656006210523061,-357.98329424816023
635,True,9.999999999999997e-06,1.1395612548948886,2.4521400233114887,-376.072924490952
636,True,0.8117517285014874,0.8322093667480149,2.042811480658666,-380.34983675595043
637,True,0.4170134188102954,0.43628127681325246,2.8960038663154224,-380.997534149648
638,True,0.8503328817506816,0.8706605472401145,1.5008032678607655,-363.6538735617776
639,True,0.17270355992633837,0.17499870639899132,3.5120648180682927,-380.98346782410147
640,True,0.8038939761208995,0.8430288121725232,1.9546918186755193,-377.4542732044523
641,True,9.999999999999997e-06,0.7336347414266357,2.7408933421622836,-370.8789980725213
642,True,1.2620814539841283,1.3173556266961088,1.3483702379184563,-388.51903496997124
643,True,0.6689625889588203,0.6819053307983063,2.733117547719428,-392.6030460620856
644,True,0.7264455032379904,0.7560239780106537,1.4676688600401318,-352.61450428325134
645,True,1.0139446072834013,1.057953476068236,1.1006369481295812,-361.5110427665071
646,True,9.999999999999997e-06,0.7199512606749771,2.9002587149614643,-376.0794430164098
647,True,0.2394793116996482,0.24232991648161112,3.7183942223879924,-392.88968114938365
648,True,1.114404256047131,1.1992846841293539,1.2660530082636787,-376.79378635152796
649,True,0.1753250324518653,0.17732584456449235,3.4291216630548567,-379.6228901889691
650,True,0.09207034638234309,0.09245931631416217,3.152880959960366,-362.26487723735033
651,True,0.2012331139793241,0.20392650267986026,3.224281122447517,-374.88993718457994
652,True,1.0000000059119304e-05,1.5061368599738616,1.516686154880868,-355.0516171667641
653,True,0.6079564252465649,0.6328250931944772,2.067102701403652,-366.6272446014859
654,True,0.5340272323604303,2.0741910628326634,2.0808532421828625,-410.4438709716933
655,True,0.5816870359398509,0.589275856661255,2.8581648359738425,-390.68340955089235
656,True,0.31602784191075384,0.3211983235356584,3.119423285725027,-380.5159596060428
657,True,1.0227132922839257,1.0817216939004677,1.1163164140930304,-363.59651841298387
658,True,0.4493420157073895,0.4589360896762783,2.4861128621892226,-369.13508568038026
659,True,1.209356665061505,1.2397623547761558,1.2921350871368809,-382.32766219213914
660,True,0.13190550190756653,1.8898273181375844,1.9272154396640826,-388.6877013084568
661,True,1.1009222325615684,1.516978235029408,1.6177269484310228,-397.8539317472372
662,True,0.2625154653501701,1.8613440258389269,1.8843230112279534,-390.7439173426003
663,True,0.3111337347185472,1.6280905642212098,1.6760379886953327,-377.86554421865196
664,True,1.0462640756541584,1.1009465295607639,1.1103934378437381,-364.9831734274342
665,True,0.8547931886667537,0.8775040665621768,2.0131721948788637,-382.38010268613573
666,True,1.2078994966875507,1.2871137896222213,1.3065210582812905,-384.36188204033317
667,True,0.5012154989647227,0.5137739034041119,2.5979471097590965,-376.964942390048
668,True,0.13351537190991655,1.948705722418615,2.0601887616721077,-394.6070686201756
669,True,0.39031570196973725,0.4002454412980558,2.2588688430807746,-355.6706276215845
670,True,0.5783804675569199,0.5902738115537259,2.0544932606111104,-363.257156670569
671,True,0.21787210923544448,1.7697906791800648,1.8429532030166453,-384.95072553963814
672,True,0.35567584865928686,0.36336308860156297,2.8902167682294744,-375.9518306675626
673,True,9.999999999999997e-06,0.7854069466277701,2.9481308009335674,-380.05569385582623
674,True,0.4939632208291083,0.5041214263501147,2.2449839798771314,-363.58088183591263
675,True,0.6777661706691497,0.6954865856709465,2.7308462422206317,-393.3035593244674
676,True,0.47963985036377266,0.4868426532612283,2.675670850278632,-377.6261788867305
677,True,0.34729863867021565,0.3543715432323,3.6979186643547566,-399.7458545123799
678,True,0.5017182885224735,0.5139913474100295,2.5166481988369496,-374.1709366508406
679,True,2.5036943877089266e-05,1.6620158008856794,1.671986632774157,-367.28611478123554
680,True,0.9906525277069649,1.0400233264169765,1.0867439245719008,-359.51535541768
681,True,0.004237512702587785,1.1483008343579055,2.5073806722882424,-378.3888467652432
682,True,1.1965761526954453,1.2255605713701616,1.268510026691507,-380.27697974369244
683,True,0.7738821882222063,0.7902977963888796,1.5161112534335006,-357.9929594558049
684,True,0.09613916045729896,0.6074081307693758,2.7084564699440077,-368.75972459962713
685,True,0.8657533873739194,0.8787572215739858,1.7767245252595714,-374.7071195633474
686,True,9.999999999999997e-06,0.6030308700166246,2.7554926476500325,-366.14692652418387
687,True,0.09654217732699046,1.960542883438047,2.064732170572951,-393.89940597218504
688,True,1.3225273779979594,1.3775326711404876,1.4242556809280493,-394.5735110636035
689,True,0.5119839263565107,0.5191981830833212,2.256480911657078,-365.2042639859623
690,True,0.818831957177143,0.8652928179868195,1.7922691997450921,-373.10366578381877
691,True,0.42585612484479346,1.5795097627301429,1.6575457220273235,-379.5625968203851
692,True,0.44853000200617893,0.45328579357738663,2.564678200621436,-371.38552043418554
693,True,1.3167259579073751,1.3877056389312765,1.41895234323033,-394.52217003639765
694,True,0.8549828740845032,0.869632541084644,1.603511422499388,-367.65010748966614
695,True,1.0675293975642563e-05,1.882589643296819,1.9852001600293336,-385.79783981167765
696,True,1.1566576528732915,1.231693584901913,1.2522803606894768,-378.91620163745245
697,True,1.2695341929043535,1.3316380224406286,1.359843181648819,-389.46879636744313
698,True,1.252990798266438,1.2536517988051792,1.2628201014477831,-383.2105863363046
699,True,0.8700937262239014,0.8903394442037238,1.4487195170672207,-363.10373550644965
700,True,1.3251279810650116,1.3722522363578642,1.4164381269635065,-394.18263465568106
701,True,0.564685976303667,0.5708050476952125,2.569823004680826,-380.286622376237
702,True,0.6295480017182815,1.630367943622432,1.6700953083480783,-388.4502504233459
703,True,0.41877494799863596,0.4244387477258357,2.8184809744888026,-377.9702124037677
704,True,1.047759901613346,1.117534316822158,1.125280129856785,-366.41520390970845
705,True,0.5230006644664161,1.7419892051545043,1.774574816662807,-391.86124029990333
706,True,0.3138673734027039,0.6857710816106727,2.978282632616409,-388.74846564173265
707,True,0.29135932071083587,0.2965265631866571,2.837097285069971,-368.9412134079854
708,True,1.4322777314972173e-05,1.7219800048044387,1.7676137456950325,-372.99169658412103
709,True,0.5810584510429285,0.5906114985367042,2.6093910519479033,-382.90258623349825
710,True,0.7833968248198655,0.8049137620831943,1.9104981686289202,-373.84651121940703
711,True,1.1835646199783352,1.2387037856208705,1.2604414045158432,-380.15648144711736
712,True,1.0795664343065266e-05,1.3397209634027292,2.230276501559216,-375.59181204943934
713,True,9.999999999999997e-06,0.5244165095592125,2.554064333539246,-355.2235117001842
714,True,0.3871621831786998,0.3937750539866364,3.221447620530919,-388.64564798422055
715,True,0.9776820799899018,0.9937369251304393,2.4219539654873814,-402.244137088201
716,True,1.0534313126179236,1.1308236258480104,2.1232686990221605,-399.914657013473
717,True,0.321075169673262,0.32831280260940443,3.6263449329334305,-396.0503142665053
718,True,0.7804000294263014,0.8199391360929125,1.5345964552365259,-360.1995970589648
719,True,0.9945408225151053,1.1690001909155636,1.347600676268677,-374.4028835187037
720,True,1.0436494193227064,1.118058660686659,1.1348483527087534,-366.54844448515576
721,True,0.7220643071380748,0.7323647632918191,2.159888554933043,-377.77883562513273
722,True,0.43500728082642115,1.7659832838365541,1.7913513214163734,-390.3709339885131
723,True,0.1988292058976307,0.20045739767703444,2.8400180037387868,-360.8074278653496
724,True,0.6109753630289407,0.6371446156376276,2.4452179229442343,-380.2310486245006
725,True,0.010479551522817168,0.10059283670423537,3.350908904713174,-366.3512674375243
726,True,1.0000000001741699e-05,1.4622141025618012,1.504625351434117,-352.6460218405112
727,True,0.6462206661003125,0.660543428156543,2.390918586349117,-380.36411231039455
728,True,0.8934443942426958,0.9468813091437243,1.897991500850047,-382.19182985396515
729,True,0.45339440818199567,0.4602662717354193,3.231453199767346,-393.2501823898156
730,True,9.999999999999997e-06,0.568150478027268,3.969013647564081,-402.96831996832
731,True,0.7101060076001221,0.7241055248525821,1.9579546507238859,-369.8297917503371
732,True,0.32851114060021563,0.334253782891241,3.561299604132736,-394.82535680971023
733,True,1.3042360300928868,1.356746387137898,1.4043460900271354,-392.70984680434196
734,True,0.47890827663898794,0.49443844727334774,3.157398243975079,-393.36820926664825
735,True,1.1989286807136816,1.2495498327355687,1.2605641718288672,-381.2687349381011
736,True,9.999999999999997e-06,1.0237062902908134,2.5842893109340492,-376.2806888125571
737,True,0.46593191542664997,1.6677032510311935,1.7316759708941647,-386.2987630125722
738,True,1.254419003638428,1.308051153460317,1.359291317165486,-388.25623160659575
739,True,0.00020407870573664158,1.568506830324052,1.5873958248291338,-360.49063350196013
740,True,0.21431222096089556,1.3683963758369138,2.0646349775159334,-378.7491796927141
741,True,0.5298654631480572,0.5341746470344978,2.3184049043275667,-368.670196512767
742,True,1.16049737512367,1.2823958625202583,1.3540889355585568,-384.17873740476415
743,True,9.999999999999997e-06,1.3193571531406847,2.5213148394759055,-384.6310888138634
744,True,0.9455961071782216,0.955145255369825,0.9865762264432975,-349.9261808623494
745,True,0.02840093954221254,1.4209376492487833,2.255700537074881,-380.3131345082727
746,True,1.2922425267435215e-05,1.838140729487231,1.884434892667818,-381.18683240949065
747,True,0.15236049443927424,0.1545061649128546,3.6888091372813676,-385.8606880450076
748,True,1.3923736993665659,1.434167569662062,1.484070867411603,-400.0329949559002
749,True,0.6938057180955587,0.7232737138556357,2.051037804107682,-372.63758640828433
750,True,0.4395894588353865,0.4562700485966409,2.948876753108479,-384.3375630227671
751,True,0.701711057029947,0.7304672645373587,1.5244899304199375,-352.85998274635324
752,True,9.999999999999997e-06,1.9999999999999995e-05,4.107988669465756,-385.80088558722815
753,True,0.5518771926699837,0.5593384439726828,2.2188767197958628,-367.19776515440503
754,True,0.007285610765966019,1.9258399298456392,1.9277319143991194,-385.35336345967426
755,True,0.1991316961997464,0.20195857214305393,3.142296266575762,-370.6255504902665
756,True,0.1259061857830035,1.8626213052859495,1.8939738087517501,-386.53346512292364
757,True,0.5558298811249625,0.5645402238897701,2.654262603761575,-381.869915816938
758,True,1.0242649558751182,1.0742542669703739,1.095650831840223,-362.52701861077514
759,True,0.25288108631231576,0.2583152105284439,3.2798079552561528,-380.74399862373576
760,True,0.30229411806195183,0.30664490340032013,2.930616136128012,-372.79946298570724
761,True,4.3059050138072726e-05,1.5573323803040022,1.5963937726904491,-360.3051832802556
762,True,1.0344930911577546,1.124204963738751,1.189656774033895,-368.4452462842265
763,True,1.204475919764757,1.2478691779234932,1.2516062858049375,-380.9894825515969
764,True,1.0916320615392174,1.1449504728552748,1.1733576473206582,-370.74548075145697
765,True,0.00014826345036647422,1.6802804316985425,1.6973294256836897,-369.0504561053033
766,True,0.535891601952759,1.391303357765184,1.4489443250270713,-369.45160534435314
767,True,0.0953381888333795,0.8893890941317704,2.6292125889956517,-376.6188356693096
768,True,0.805140346032944,0.8275477623859883,2.7948707616826587,-403.0295132478868
769,True,0.11407432288541407,1.8953772143658894,2.0204342071087282,-391.1135509416027
770,True,0.6815502873106619,0.7272774110695307,2.9677808381178004,-401.3495728332219
771,True,1.1464131889605471,1.213688540471572,1.245410549891051,-377.7116770421741
772,True,1.1940301768852508,1.2833598334183618,1.3315974018645498,-384.54356078795496
773,True,0.38296383286012087,0.3943121845321968,2.7855293105032053,-374.4995497340492
774,True,0.1586896710447666,1.2880781986864873,1.3181245940342188,-344.25047329123436
775,True,0.23627013478308478,1.4234259868337986,1.4513235469037433,-359.0794622331322
776,True,1.0480121476876523,1.1018322143103159,1.1198452966121368,-365.5148039653534
777,True,0.1324075751986522,1.6730660868434355,1.723372133730611,-374.6348321238843
778,True,0.4141790200478248,0.42465242262606157,2.646713139531553,-372.2177443592708
779,True,1.084277937206431,1.17004583814137,1.2208344007149887,-372.89519052667373
780,True,9.999999999999997e-06,0.45377582513788983,2.8754623087329363,-364.54748284813786
781,True,0.08472274242417904,1.8337311928001991,1.8818352890918846,-383.75651662974735
782,True,0.24620406635687372,0.2495260950451191,2.535041097298267,-353.1246120537329
783,True,0.6383728771913991,0.6594106216215325,2.606389222575327,-387.0425208780125
784,True,1.0742687847901846,1.1504669692064147,1.2023949762607489,-371.3592466624924
785,True,0.5325512742550752,0.5430366151302088,2.3066366761507933,-369.10831670911165
786,True,9.999999999999997e-06,1.4194506713337478,2.1068845825327136,-374.2408017603911
787,True,0.36551294464635325,0.37145766047740864,3.0466213338900516,-381.79890878628464
788,True,0.8245177372022213,0.8558146503910381,0.8596866535860258,-333.7812061210418
789,True,9.999999999999997e-06,0.5595295724550796,2.1921574580207697,-341.7411334775894
790,True,0.017598589819686084,0.42969127762533604,2.792208133853707,-361.0466863961516
791,True,1.0516543316670994,1.098255002195551,1.1099690886472242,-365.0649674891294
792,True,0.62620388312858,0.6412728109995331,2.425968189102738,-380.2056917842487
793,True,0.28124795668360625,0.2856632549315211,3.752745881179774,-397.02761412640155
794,True,9.999999999999997e-06,1.705335245450161,2.0945509254466423,-383.6608193339742
795,True,1.1662303895817603,1.2189559315933935,1.2258896260210546,-377.90886638488615
796,True,1.1325779611256954e-05,1.6432801119631542,2.0453238676103864,-379.78653958502093
797,True,0.9380074770869931,0.9834389307508031,1.0225921923512091,-352.38840991394613
798,True,0.8668542734744143,0.8892744303804717,1.8748061767802278,-378.5125559471332
799,True,2.677033983381706e-05,2.0447208702752557,2.0696491707356217,-393.7552881592971
800,True,0.9320748037654862,0.9529838298613944,1.3775436827203869,-365.213214516882
801,True,0.5337339693350124,0.5462126717051933,2.925301070592407,-389.7132049694119
802,True,0.9878008786673287,1.062118793908891,1.1021185250526213,-360.91259164878863
803,True,0.13684679350176046,1.6326190985451283,1.6723405788925503,-371.5003372352687
804,True,1.0157870589972648,1.0612182648870063,1.102576300339902,-362.00789145063345
805,True,1.1703864034843094,1.2278022378359927,1.2449112474876751,-379.11658729554443
806,True,0.09055451861011479,0.2895165404082423,2.328577631305035,-338.8153124529934
807,True,0.5172516640693317,0.5239075930343912,2.7449323038463107,-382.6128883522015
808,True,0.1770671053652191,1.7789613199449206,1.805420615577864,-382.7497114960432
809,True,0.17709413351203887,0.1794018527694385,3.4153207881494287,-379.2711426868418
810,True,0.5208597575650263,0.5294132385630164,2.548824301348108,-376.5599946446814
811,True,1.0000000221651479e-05,1.5271728938938613,1.553647425590728,-357.4144923830359
812,True,0.7218472754655031,0.7329655740038471,2.3972858230345104,-385.583050704596
813,True,9.999999999999997e-06,0.861328036926106,2.252208532287802,-357.9571701677877
814,True,1.335982584558241,1.3746178194651344,1.3796455811746287,-393.62692722321606
815,True,1.1462096033223161,1.1875419293690046,1.2218885029066275,-375.89627772204204
816,True,1.1386329512694502,1.196391039764047,1.2151882699263714,-375.79574068160906
817,True,0.005733645109235561,0.9767205919540527,3.6285211099646832,-406.2138793058194
818,True,0.22824252710845502,1.8296305795694225,1.8665468262717397,-387.95484886470484
819,True,1.0431363837839308e-05,1.8284792291897782,1.88502093120967,-380.8623663540298
820,True,0.6556299796226995,0.6701297765988873,1.8249201004185531,-360.66672456987664
821,True,0.534921733256347,0.5442687369873684,2.23184557625902,-366.22985119788007
822,True,0.6338600922147833,0.6446213053950279,1.8879487431274087,-361.2300320821827
823,True,0.3281528041877076,0.33347768629415725,2.751523768099598,-368.6836899447392
824,True,1.0892223575333657,1.1354534095763875,1.8309431621293402,-392.40716849397415
825,True,9.999999999999997e-06,0.8838447491784734,2.2448043057393874,-358.5000242532884
826,True,0.523766228031554,0.5281336777212382,2.512690416223675,-375.37187267864346
827,True,1.1637788444268329,1.329704167640128,1.3489345892292373,-385.6418239521025
828,True,1.0950665355921518,1.1160335568256112,1.120706165152187,-367.842887901995
829,True,0.3544578035087496,0.3554188937323409,2.861857025350999,-374.3691872124508
830,True,1.1195504393420432,1.2449219009695005,1.281557609220072,-379.10490874599196
831,True,9.999999999999997e-06,2.051537092496348,2.109601726119674,-394.85109559553194
832,True,0.26839303626327377,0.2752730696960585,3.9180642968865427,-401.0024568031748
833,True,0.0070466288213038245,0.8854262875463886,2.351791478680085,-363.070921240856
834,True,1.2210569655664447,1.2417960236716505,1.264514048528799,-381.78962809045356
835,True,0.5328746251611469,0.5385131716725547,2.053971834041693,-359.2518887322027
836,True,9.999999999999997e-06,0.7042272656962458,3.0171713524366655,-379.33154528149663
837,True,9.999999999999997e-06,0.6661205975175131,3.5323347608354467,-393.74176809935653
838,True,0.8702119564482751,0.8920400799354657,2.0383900995880744,-384.2255636223314
839,True,0.06833793615694513,0.06882046541539462,3.1925923007255523,-361.79905661815695
840,True,0.4811767896029275,0.4898353287107891,3.128010419121999,-391.98542106159124
841,True,1.197270232034053,1.2777458110945468,1.3745209070012963,-385.79294872169544
842,True,0.8086850927873207,0.8327451387984105,2.938219366168118,-407.16289022765625
843,True,0.47645117425232086,0.5205601576601169,2.5173793018974844,-373.5942840550998
844,True,0.4288964397419686,0.43451636444313607,2.9522276812306107,-382.99818965019614
845,True,0.7885045693732251,0.8007103478474774,2.420920430512483,-390.7240633804047
846,True,1.1525109312628658e-05,1.581730473801717,1.646256763881956,-363.3547357998343
847,True,0.21864994951914957,0.22370919509438283,3.477566933332694,-384.33218033841115
848,True,1.1576642074641443,1.2231101584330208,1.2784064260999328,-379.5830490080149
849,True,1.196927308132431,1.2580223501983376,1.2723829768762447,-381.8632138349434
850,True,0.07015459543198273,2.0762001850954337,2.0996151605520486,-397.61793577169374
851,True,1.25824365815758e-05,1.6582382608704986,1.686530726767344,-367.6493310392998
852,True,9.999999999999997e-06,0.9656238694171375,3.413043081400418,-399.9057866102115
853,True,0.5676569543371366,0.5751154322675304,2.605770548186832,-381.60187219275764
854,True,0.006917371000247904,1.7789357867434237,1.8099036979155023,-376.66155333324366
855,True,1.2113249200878797,1.314594179154384,1.3322637672474666,-386.16936780789405
856,True,9.999999999999997e-06,1.7767329085841814,1.8357781395381283,-377.36700560070324
857,True,1.0090981207957732,1.214409354717652,1.440302155474837,-379.7237851237047
858,True,0.6273848946239441,0.6353964132815821,1.9925967501936501,-364.56931726909636
859,True,9.999999999999997e-06,0.7682335616142567,2.734204840710811,-372.0018841762758
860,True,1.0557471010826747,1.1354404695982157,1.19644602452149,-369.9536506937106
861,True,0.7398842946303049,0.7545423591066678,2.2545810388309784,-382.31502978043557
862,True,0.38518606925575705,0.3896587557749647,2.4249103436727966,-361.29266482906837
863,True,1.1634381021365823,1.2023138769201227,1.2101257366093734,-376.6976893410616
864,True,0.0009270883036883692,0.000943447910036249,3.4308237769845102,-362.5702191911153
865,True,9.999999999999997e-06,1.084813473776033,2.6120404533357418,-379.58359408602627
866,True,0.15003309460196554,0.15176027678678203,3.6257469167790393,-383.5134106786989
867,True,0.9908271666537605,1.4832614079627913,1.5215710962913236,-390.552650185475
868,True,0.6327514893492178,0.6431252637032486,2.4079714673423958,-379.8874453645171
869,True,1.0128332294967284e-05,1.4954970819206423,2.197970152390409,-379.916952668037
870,True,0.7154653365731527,0.727351330640977,1.5322622535352513,-353.6105691520713
871,True,0.41751312566840687,0.4270130788167161,2.6614269906027257,-372.84397607307665
872,True,1.0761551927316442,1.1079578316311807,1.1282899880083368,-367.1610112545834
873,True,0.5242965143003344,1.5034315795820574,1.5386530649214207,-376.31637547451726
874,True,0.7319521495331383,0.7402534306023432,2.628576288492493,-393.3681269663357
875,True,1.1390503513263628,1.257448259649973,1.3368778647414044,-381.9770825523327
876,True,1.2632936279717706,1.3359237325266673,1.39835920246534,-390.64477118846366
877,True,2.889323134222868e-05,1.7010015240349867,1.7194755822813832,-370.4864050505672
878,True,0.19957566108312286,1.837849420388327,1.8661067372888047,-387.3090296372104
879,True,1.1619605662349675,1.175260948278132,1.18739662604951,-374.92122406635883
880,True,0.4979310984902735,0.5122225505964786,2.840633961131746,-384.83897104881066
881,True,1.1341504412501386,1.2034720348921661,1.2141446569501813,-375.7173202957153
882,True,2.2147260666068083e-05,1.6215803932620443,1.8009289071575494,-370.4785498662641
883,True,9.999999999999997e-06,0.8562096712627949,2.5928321197214927,-370.40666266253976
884,True,0.9745863282790059,1.0368992013408713,1.046431701147242,-357.0927314754657
885,True,0.6576939897712344,0.6687063067490956,1.8635314506382366,-362.18721828129026
886,True,1.2551429718937648,1.3062941900924603,1.3359642038652746,-387.4430989898994
887,True,1.1815284096993297,1.2483200406539758,1.2933983238020752,-381.7067413593499
888,True,0.6644507112328294,0.7598649258945541,2.734883017512399,-395.10548901984043
889,True,0.08025507286310031,1.3568668267016166,2.0719666600078535,-373.67197781461863
890,True,0.005265505574786137,0.005371906389843434,4.2353766645369495,-389.8050621265271
891,True,0.37531626829502523,0.3821441566468275,3.4100194759008784,-393.4498722823656
892,True,0.5865712084332727,0.6023749388193537,2.666231096642234,-385.29496778923635
893,True,0.07041998932960675,2.3584057275907258,2.374415016715717,-413.11839891829123
894,True,2.6031578892947716e-05,1.5453451573519321,1.5618233341862688,-358.4960319121566
895,True,1.1513071988646246,1.1968672447279978,1.2304239881442884,-376.7461885752066
896,True,0.526289784108446,0.5363057103215116,2.487778877283146,-374.9226689889233
897,True,0.08593592774309204,0.08753223540566697,3.6655446001613248,-379.8461602893683
898,True,0.3667712805887944,0.3783513894419689,2.6979088168242082,-370.347468784876
899,True,0.7852859085023198,0.7983211515384386,2.2300149559232874,-384.5127988890922
900,True,0.007155582181369184,1.0784619782795661,3.040345270898224,-393.0341515710983
901,True,0.6440763578013528,0.6499325082021447,2.05441513231347,-368.1227419040845
902,True,1.0747218284734599,1.134433720850778,1.1674588817061664,-369.5184786062183
903,True,0.504393988090046,1.4930321431889921,1.547554557368565,-375.52533032014776
904,True,1.1255912291082943,1.167936339386687,1.2076994823193121,-373.87096473216286
905,True,0.03296242045316906,0.03315308036670696,2.7478324839925348,-339.60039796995557
906,True,0.0069385939254317745,1.5501925969158366,2.7240505702000344,-398.23709593900185
907,True,0.5390415445431769,0.5478193329783999,2.2486901826836925,-367.31876260718036
908,True,0.019322326877956895,1.0322425840310474,2.7422894978948986,-382.67161856268507
909,True,0.6200275244592901,1.427308254990296,1.4620893300785778,-374.3101764331955
910,True,0.6844433499617347,0.7011478779335951,2.448892625029182,-385.04322041898996
911,True,1.0574490733611979,1.1115545836719363,1.1155775858136183,-366.23003949946525
912,True,0.2043964546309004,0.2131458083243667,3.6156284989488814,-387.49498817367567
913,True,0.3123503553735321,0.32209819922709415,3.0132805753222183,-376.7795677520268
914,True,0.44329523141159133,0.4481013334374985,2.5656262195993347,-371.2034559425577
915,True,1.1493498025917293,1.2732639513065873,1.3613617206571695,-383.84200531680955
916,True,1.258020235958069,1.2870033140998194,1.3017887154529546,-385.74361703205943
917,True,0.09731206761512405,1.627050287120067,1.6508156781051664,-369.01752249586855
918,True,0.17791789923387916,0.1817253038022099,2.6013540712364986,-349.52311632824336
919,True,0.5716893450869714,1.7393286053819002,1.7729353039471905,-393.2350574397628
920,True,0.07226492046261684,0.8722339695308048,2.978258116265555,-386.6997859754081
921,True,9.893529181608104e-05,1.5656605536716928,1.5839219991795386,-360.2115089355334
922,True,0.49414515102529516,0.5061598955763842,2.1689241742792786,-360.7974914313368
923,True,0.04456295580676185,1.8198293840396103,1.8458742790121385,-380.73457434786644
924,True,0.8888652050310148,1.0088689991937698,1.0617052392285045,-352.99231697992633
925,True,0.8122883572323764,0.8304700109220711,2.4929610899649095,-394.4759251625572
926,True,0.007378253206620852,1.742487215381009,1.7688118247991413,-374.0409878995972
927,True,0.9796376964976055,1.0679059821460672,1.1264982685725926,-361.7843331210405
928,True,1.1660844875053014,1.1881039400487947,1.2065778002355003,-375.6442155608085
929,True,0.43271719565189043,1.4567229230294152,1.535563246940586,-371.1892210842658
930,True,0.33861058646438486,1.8439560944006415,1.8895099011996563,-392.7427394120168
931,True,0.9926904170179035,1.0673672690249207,1.107977796998856,-361.47314265426144
932,True,0.06895727260278936,0.7401098392944334,2.232937002834304,-355.0985910478877
933,True,0.42283449565075387,0.4285846620634667,2.9835922560862067,-383.6932106481025
934,True,0.000337172232215042,1.713430362096079,1.739262503826639,-371.61184507911116
935,True,9.999999999999997e-06,0.5394814696407342,2.843991601193377,-366.7989014912704
936,True,1.0877865766562778,1.1625996505542833,1.2163415773207178,-372.7778134267493
937,True,0.6228746232610378,0.6407268425647364,2.330485453015837,-376.88669670837953
938,True,1.1404434154486578,1.1904196386965258,1.26070614589761,-377.4047811839862
939,True,0.5414003155858202,0.5582286865014175,2.029000660945765,-359.485566541297
940,True,1.0710288302681605,1.1342951659702505,1.1396982618418436,-368.19912512713734
941,True,0.7002084927323582,0.7106781724342083,1.6856988609360322,-358.56515124168453
942,True,0.00031300530391399785,1.8598125734829145,1.8852546844738076,-381.8995768663563
943,True,0.2526874945653466,0.2560298637917738,2.758088490940332,-362.3992302385303
944,True,0.8508097152317683,0.9516942889166853,2.7651010415033594,-407.0051676541841
945,True,0.3809000317902953,0.38621467999627174,2.6721757397324852,-370.20180193415365
946,True,0.24477040275059575,0.24772608730398396,3.4429439607145507,-384.77124324192323
947,True,0.9613979908477266,0.9917154260678507,1.5554018777153629,-374.2855617424661
948,True,1.2297708365735196,1.2871843475783487,1.2942684448442106,-384.6410556520482
949,True,0.28049877355253156,1.658978116520756,1.676865103961819,-377.9384860294199
950,True,1.046038934703372,1.1244848733871269,1.1363573072027742,-366.90755550387917
951,True,9.999999999999997e-06,0.5473423245951671,3.6856025416390086,-394.3896354021048
952,True,0.5124395601730358,0.5188261074486005,2.7618011297439082,-382.87043248542847
953,True,1.1835605432753706,1.2447068567533088,1.3127589215163349,-382.29611857670295
954,True,0.6530065500735028,1.4299965125464982,1.4560627135337012,-375.36729424463897
955,True,4.7665692547207467e-05,1.6799323579026393,1.7044724734232282,-369.23234173120704
956,True,0.2768506101991161,0.28303671418600673,3.5775371576222836,-391.7967637149174
957,True,0.37729897598197837,0.38634083369160066,2.9370730852781057,-379.1878800262059
958,True,0.572753184447429,0.5835523729183634,2.30496592121049,-372.08173958832947
959,True,0.3506632461094751,0.35903337343095376,2.8206175012486736,-373.06921395838674
960,True,9.999999999999997e-06,0.7165404660430226,2.5086842526804483,-361.8013051355572
961,True,0.4807199196973344,0.5044347036705765,2.590312007097835,-375.7158758221085
962,True,0.5789946094063116,0.5847142182897846,3.3391393512675682,-403.6625896193334
963,True,0.5177241251431385,0.5334105746711151,2.7161237208370195,-382.22374808641956
964,True,0.802965360253104,0.8118358142249508,2.035007975345438,-379.01728829202665
965,True,1.0094958921668452e-05,1.755347207305286,1.7824471457372248,-374.6474074317816
966,True,0.3950222493969109,0.4058863924552157,2.6675365953163186,-371.26016601875483
967,True,9.999999999999997e-06,0.8920915091982689,2.7084790254539843,-375.7592943516005
968,True,0.4391003292259717,0.44662060983909646,2.486266986829181,-368.1177410664188
969,True,0.5977635003288592,0.6059084402266648,2.8191918757705157,-390.58299368036575
970,True,9.999999999999997e-06,0.742010274616964,2.847337003720971,-375.00352097207553
971,True,0.31744819308881195,0.3235091012451483,3.197838351876995,-382.92346121389704
972,True,0.9672629978793169,1.018770566325108,1.0990105034449198,-358.22036725611747
973,True,0.7585651572340688,0.7813610325895688,2.808780027340553,-400.74600233277715
974,True,1.0086697769312136e-05,1.5494587725901932,2.334555050241728,-386.16266549460533
975,True,1.1018905334270965,1.1632563868570136,1.1846357259472104,-372.2584524012577
976,True,0.15652652574513284,1.6698044570638184,1.6953211427163135,-374.39242047887944
977,True,0.3471218981497463,0.35875966077597415,2.350291101235186,-355.63251776439154
978,True,0.21390471633756075,0.2164366897549608,2.6807214529232106,-356.27156856216243
979,True,0.635045589174317,0.6634018273237475,2.484198214233281,-383.2566958658765
980,True,2.0423316871047577e-05,1.7775086922379937,1.8040838885585742,-376.2793800298091
981,True,0.46337228598047064,0.47925040533965907,2.7679045565589004,-379.89692928927974
982,True,0.2276425574877555,1.3646462310183232,1.4022762272779594,-354.28523677364063
983,True,1.0167299480054142,1.131544648341833,1.1611101100631194,-367.068402377389
984,True,0.2186370097340432,0.2231817556453728,3.6828537921010978,-391.1410551886687
985,True,0.06826805709567256,1.8112983179695215,1.8429708948377166,-381.1585940743431
986,True,0.3211155686378374,0.32328872869549696,2.9706526602065857,-375.5461636890417
987,True,0.9110367077509435,1.6145951608791647,1.6755312773498119,-396.82912124427844
988,True,1.1886788856104784,1.2219432909191943,1.2529037848413391,-379.5487863035281
989,True,9.999999999999997e-06,0.8461131066529224,2.53176664136599,-367.8467478914373
990,True,0.29704144703466673,0.32354171063107273,2.7330169481305493,-366.35805907709
991,True,1.3942271334078797,1.5083844780398217,1.5845105977430944,-405.1772608092969
992,True,1.262601728551287,1.3236100568822748,1.3359329594826241,-388.2368302752206
993,True,0.44303146457669806,0.4526228075160814,3.1177303643316376,-389.44672327719553
994,True,0.4322651443284939,0.4399406066754076,2.6533716620891608,-373.6649860472095
995,True,0.12604928690610545,1.4572150009226865,1.4860210537185587,-357.18451319635096
996,True,0.6982488225559909,0.7607081406250531,2.350056813994139,-384.2852299357119
997,True,0.22422463803634277,0.3096187300852269,3.574502830806819,-390.5851081113375
998,True,0.46135201870598025,0.4703095853089359,2.2525465155254474,-361.25001757887037
999,True,0.004563421868443718,0.9843227669656027,2.9993100425855426,-388.3610079252844
1000,True,0.30392420253039115,1.693978986963558,1.8287413214489345,-384.91344605295217
