bootstrap,success,mu,sigma,a
1,True,0.053621357578771865,0.9681486594958196,0.999
2,True,0.013369370382077587,1.3547430039427202,0.7260507325033941
3,True,0.012764337129086548,1.2555038130581095,0.999
4,True,0.07716694293458394,0.970911499857451,0.9941917366532994
5,True,0.06997573568912177,1.0152257932296176,0.9984435288245163
6,True,0.0623445032945557,1.0328986719585243,0.999
7,True,0.10815743228287042,0.9414645852760538,0.9853777327731154
8,True,0.06544855234812655,0.9919212700286796,0.999
9,True,0.03629231909890632,1.0550804626201518,0.999
10,True,0.06264747224386588,0.9898137331393791,0.9883215211156826
11,True,0.04501431768805575,0.932958122071187,0.999
12,True,0.08296921034251879,1.4276980503834231,0.5541459553841002
13,True,0.038024852596062406,1.0073237170187197,0.999
14,True,-0.04437447477438435,1.2955608320773346,0.7708542487729079
15,True,0.11800385526514846,1.294247628696624,0.8267960061928484
16,True,0.30026795196062006,1.330630708432297,0.8411922249933839
17,True,-0.11283292122150969,1.2282297328998737,0.9512087827963832
18,True,0.04459258561123822,1.5615253988133146,0.2420444544971144
19,True,-0.014477334195380012,1.2469084555043075,0.999
20,True,-0.10427111479484764,1.3098895120954075,0.7281798558954735
21,True,-0.03902151819496495,1.2198543327561213,0.999
22,True,0.08393890749632238,1.298763254981829,0.999
23,True,0.029892306437238284,1.2437303878225572,0.999
24,True,0.016289991738690234,1.261603828820127,0.9807031215852485
25,True,0.004845985924681185,1.0249963482143551,0.999
26,True,0.09633121051140148,1.4392178915339975,0.49273304919798305
27,True,0.010580989149430701,1.2241523882255443,0.999
28,True,0.09791020871304579,1.2763692033771794,0.8474363040816124
29,True,0.18450108576002644,1.5024104989594145,0.421160262489774
30,True,0.05272546856803745,0.9696315285479197,0.999
31,True,-0.04431411433762403,1.2430430299991333,0.999
32,True,-0.11066448568182556,1.3350822084153409,0.6956762311705152
33,True,0.2287113429559427,1.2632724797590789,0.920801784026758
34,True,0.05228290512986077,1.2439241206279947,0.999
35,True,-0.08485314541197418,1.399361218305635,0.553585464907693
36,True,-0.26246022580669365,1.8811075599330922,0.3521354257357905
37,True,-0.12430075853674705,1.2577483099404432,0.8576501747526739
38,True,0.2055464057373029,1.2650926576994823,0.999
39,True,0.06359202646297052,0.9632147123257605,0.9988965555897417
40,True,0.047803890086447205,1.2997627757531176,0.894849853179032
41,True,0.1941882069106479,1.3375410541809254,0.8092961788317377
42,True,-0.412889330026077,1.2143816781099497,0.9939060365474661
43,True,0.10576965312248512,1.248621287089486,0.999
44,True,0.04058388007520815,1.2428977666118775,0.999
45,True,0.018779086453774844,1.0173464486985078,0.999
46,True,-0.14501907595344243,1.2457361837628607,0.9958744065765883
47,True,0.03903763195680203,0.9942259265928327,0.9500000004374625
48,True,0.05324804612838523,1.4928029972601617,0.40810497856427563
49,True,0.18797683641904647,1.627778318812713,0.18982513725409983
50,True,0.06380061955681098,0.9914774989695262,0.9954209844345558
51,True,0.2026039468262103,1.2551540837367496,0.999
52,True,-0.3022279419111448,1.2380984803408095,0.8898243189839972
53,True,0.05164200042752136,0.9699773005361191,0.999
54,True,0.08911649615420167,1.0149089831215867,0.9949557658403672
55,True,0.05727083322065115,1.2694742824383818,0.9703124612280024
56,True,0.05931525567817317,1.00785303952088,0.9984710463133508
57,True,0.03058559274997567,1.2345108093899508,0.9832895762433472
58,True,0.044023117932357754,1.0211178478959744,0.9483618224593447
59,True,0.38451079981244995,1.3718884410256693,0.7308146548537165
60,True,0.04760371625457963,1.264770518462658,0.999
61,True,-0.035399696526698436,1.5818632210047845,0.2557218357233427
62,True,0.04681537786471807,1.0075039800178385,0.9962644572915642
63,True,0.287320435112149,1.3640322944878043,0.735534483780944
64,True,0.061906072270924824,0.952333557096714,0.999
65,True,0.06832472977008067,0.9626029899077065,0.9989999999999998
66,True,0.15205401272516036,1.2703917637639688,0.93757868619293
67,True,0.35685121245164936,1.2874867214694492,0.9409650143784193
68,True,0.05515045584720246,1.26429296159684,0.9414121809872791
69,True,0.08340635289734913,1.259903523134022,0.999
70,True,0.10801099183569163,0.9776610378798852,0.9934197507105276
71,True,0.09036012474102227,0.9440622483874584,0.995617063979303
72,True,0.061538353583144294,0.9686144169024328,0.999
73,True,-0.014172809179865157,1.4161443056046776,0.5884206373747116
74,True,0.11961548466950078,1.27185617003066,0.999
75,True,0.0888998632322063,0.9641194480012689,0.996245526627398
76,True,0.05870037162285574,0.9474277726843296,0.996665204856203
77,True,0.03051413504859396,1.2552102733880433,0.999
78,True,0.1418151633915974,1.2686896026140893,0.999
79,True,-0.14404752796870013,1.2819188246694169,0.8777937675339919
80,True,0.14872007725133812,1.2908643782287772,0.8191125695520027
81,True,0.09621475604369567,1.2671543908014986,0.9797371631780365
82,True,0.039675572947654766,0.990200522340976,0.9986385021924014
83,True,0.09297571408007542,1.3926251853603793,0.6040633037913362
84,True,0.3637516697720252,1.6850643641641376,0.8540579073988341
85,True,0.0677582215070803,0.9939428620966173,0.999
86,True,0.05896919403889485,0.9799757548819723,0.9972155193120145
87,True,-0.009587971058583255,1.276587062015595,0.9186182634526885
88,True,0.046230704829308994,0.9633024703425185,0.9965979536137051
89,True,0.07521460240587155,1.2798664428720505,0.9137254847435023
90,True,0.06599092337008519,1.006156863224021,0.999
91,True,0.11580209450647021,1.459210881127576,0.5250892300414809
92,True,0.5043851951690707,1.3467561427680372,0.7969694561082762
93,True,0.018677404069421474,1.2751940916516045,0.9202930883011265
94,True,0.10388084927271685,1.421891616804337,0.5763841912539549
95,True,0.15955514019088,1.365193113041519,0.7056041013426919
96,True,0.2098612516431212,1.2938702821014594,0.9428189462588873
97,True,0.08077312350970092,0.962197150276266,0.9921972787002984
98,True,0.04219690797967444,0.9691740780296073,0.9987181736492924
99,True,0.024482913715768773,1.4707277174564513,0.4694163341099043
100,True,0.1941659509487816,1.2353358801521372,0.999
101,True,0.07228359602012087,0.9575437159642877,0.9989999990645608
102,True,-0.0318471205437165,1.2570065967840376,0.999
103,True,-0.007925748742377592,1.2404067981967097,0.999
104,True,-0.012487648493224746,1.437573324542847,0.48307520422307043
105,True,0.06834554139327303,0.9666503955090421,0.9855087911454408
106,True,-0.22770343444049465,1.2798071620043237,0.8709564866667016
107,True,0.009509778398704802,1.24902774345388,0.999
108,True,0.27433094096639854,1.2756846908404598,0.9478343900685563
109,True,0.11636832890382104,1.258468033071325,0.999
110,True,0.004159788871863709,1.350913767835786,0.6500501400323057
111,True,0.1987607629278399,1.2617396765171423,0.999
112,True,-0.21074376079218626,1.7831624414031184,0.47567515059239396
113,True,0.4998442255604281,1.3140941865571196,0.9989721884649252
114,True,0.009494483515891943,0.9227215410707956,0.999
115,True,0.07136111247795969,1.0391617752276485,0.999
116,True,0.07801581392507356,1.0103495233658244,0.9606548153835222
117,True,0.0688332894595618,0.9390463060810039,0.999
118,True,0.19505182344740882,1.2761678809187373,0.9615790937633344
119,True,0.16044474549502263,1.2597843506183173,0.999
120,True,0.11929854185568672,1.069180555734071,0.9960045900735837
121,True,0.10158049250878393,1.0295849779790214,0.9989999825204433
122,True,-0.05502085441586792,1.4019010806841143,0.5452875524941805
123,True,-0.11210746507967824,1.2275796011637605,0.999
124,True,0.08552368468014357,0.9710580019210853,0.9851638690573029
125,True,0.07209460169470111,1.0141806421754642,0.9629967795474353
126,True,0.03961473852605701,1.3059530753297388,0.8103766950254364
127,True,0.21569045574111992,1.2632499723598083,0.9989395792715173
128,True,-0.06026127170134202,1.3496797484565326,0.6659385073813631
129,True,0.0608884628985036,1.0354272442870758,0.9954242635106808
130,True,0.028527732545677965,1.22570671069722,0.999
131,True,0.11648723354470705,1.2800786839733571,0.8415483176948232
132,True,0.07690355879237121,0.9520614175044123,0.9968507619153604
133,True,0.0812276204564477,0.9466219991911609,0.997888392974933
134,True,0.08273208739947033,0.971111880226442,0.9919973231275735
135,True,0.0052322045158947235,1.2812666265052235,0.8716910461564459
136,True,0.016772989626135226,0.9324831510245559,0.999
137,True,0.24092131592164134,1.3993968760576954,0.6613677053324138
138,True,0.0363572024478178,1.2513996407576353,0.999
139,True,0.0284159224492746,1.255979460868392,0.999
140,True,0.04212232602372656,0.9181159510209972,0.9699445007168238
141,True,0.18902575606075178,1.2559207866216417,0.999
142,True,0.0008976685876917305,1.2751404944345064,0.999
143,True,0.07229939649309704,1.2477864066076063,0.9979398335643132
144,True,0.03776271355723027,1.5953625035845713,0.18882692871781645
145,True,0.067428310348101,1.2803377714130786,0.9620928578180652
146,True,0.296294587896555,1.2753368982409703,0.9833309024911031
147,True,0.017308623302525774,1.248340496341872,0.9689381757017587
148,True,-0.03952027756050014,1.2339396652603645,0.999
149,True,0.05947959995725164,0.9400021103098817,0.9814812587008518
150,True,0.011100996246541286,1.2955629633297874,0.8819850278693488
151,True,0.15367311738235095,1.2875373245264912,0.8297957901043702
152,True,0.36568571600096367,1.6392215995861465,0.2513033946856104
153,True,0.06544586137621496,0.9388888602071662,0.9802115570504966
154,True,0.05458132577235412,0.9105865415668881,0.9940314795868901
155,True,0.06349546874208115,0.9502016690215752,0.9907576602219241
156,True,-0.08583774090994088,1.2683185692346073,0.9463243123394013
157,True,0.07242160898160582,0.9693797919185864,0.9989999940073038
158,True,-0.09511807737308525,1.4796655650105477,0.3375793878488262
159,True,0.07355953851091038,0.955836414666015,0.9880287619780682
160,True,-0.03261297926737383,1.277912583707144,0.9018460487964909
161,True,0.035230719286790405,1.3801517418957674,0.6364636526643339
162,True,0.06071237280905736,0.9764230415410828,0.999
163,True,0.11328682054111722,1.2411183040019775,0.9852293096237833
164,True,0.05031839567545217,1.004238213843257,0.95
165,True,0.049244398734888596,0.9498804441356862,0.999
166,True,0.06292029968710905,1.0017663380363,0.95
167,True,0.0017159034469039773,1.2187256227002152,0.999
168,True,0.0605201367943081,0.9321730603245368,0.9985130799255476
169,True,0.029170059330596975,1.0009990073596609,0.9510028023215545
170,True,0.003605458965322967,1.41110199653639,0.5617705946383482
171,True,0.06501040034647779,1.2430973891274577,0.999
172,True,0.16901276001437143,1.2755982051970038,0.999
173,True,0.23521711538376439,1.2607732307277901,0.9902374944749186
174,True,0.15434941873151176,1.470663641153405,0.5134472211937231
175,True,0.06614864148539015,1.0630510818378465,0.999
176,True,0.0723684996473451,1.017084481440015,0.9973817055740041
177,True,0.0275434832303713,0.9540423595322685,0.999
178,True,0.2182251556872997,1.5791088790905055,0.2946917697827836
179,True,-0.05187087922704618,1.439816154307883,0.5016308674555098
180,True,0.13040514465921596,1.2848873387192967,0.8313655837003341
181,True,-0.15395681703839154,1.2273067953619694,0.9941823057231015
182,True,0.19257424634182468,1.2542717670714256,0.999
183,True,0.04320995411037719,0.9962378191764878,0.9591401907381057
184,True,0.20107307421124931,1.28519004947849,0.89229757373997
185,True,0.04329768971412652,1.0173716057341893,0.999
186,True,0.044253044792590714,1.2508592367646645,0.999
187,True,-0.18967110498579068,1.601430302376557,0.13520121256783046
188,True,0.09220566467466251,0.9881707186715215,0.9939490017752479
189,True,0.058543039997613074,0.9690423784564652,0.999
190,True,0.0629079989152186,1.259955160993953,0.999
191,True,0.06960643690797798,0.9653447482846137,0.999
192,True,0.03372548873550199,0.9650047324976685,0.999
193,True,0.06152239842130209,0.9433491145794575,0.998817146120592
194,True,0.0798139347662734,0.9595517663863226,0.9970630042260296
195,True,0.2290015209713556,1.2806844813141642,0.995450251496323
196,True,-0.007667158331690321,1.4733859952381134,0.5312377698101417
197,True,0.03740370848197613,1.0100295552507754,0.9913274459934361
198,True,-0.09173125485477163,1.2423387289426562,0.999
199,True,0.15171359068823978,1.3571994165088583,0.7392444271443149
200,True,0.02230407445433234,1.314683167366855,0.8109710348085146
201,True,0.08252466966615223,0.9860797795131935,0.998664865385385
202,True,0.09273699701614826,1.34646352271758,0.7333711265251798
203,True,0.0761955485905937,1.022713282583799,0.9686094596453438
204,True,0.08589654971178616,1.2951556932908947,0.8716204156420694
205,True,0.06721914899092558,0.9746914511526494,0.998971958396803
206,True,0.039467275857338266,0.9886760953708733,0.9389497406623816
207,True,-0.1520264681400246,1.2416083455295908,0.9103990233757813
208,True,0.049639939497630785,0.9229664725270791,0.9949696576008304
209,True,-0.08859985478819925,1.2482089513588697,0.999
210,True,0.02824796526344502,1.0444076804087696,0.9866139022025383
211,True,-0.0915318394952799,1.2158793719322565,0.9971418347494678
212,True,-0.06959275030124172,1.2332311347009042,0.999
213,True,0.3838288610620705,1.3621529953584979,0.7597323350088092
214,True,0.22700567657306422,1.3243054008382251,0.8367528839675215
215,True,0.022356717207717924,1.3200816184943824,0.7218900205342157
216,True,0.06526095944116704,0.9820287436546005,0.9777963953752838
217,True,0.3132597086946515,1.4515702516491835,0.5697438624220474
218,True,0.07853328718207653,0.9245827727812727,0.9940664575110024
219,True,0.12723660526548863,1.2781875684125674,0.9542002579748357
220,True,0.06093015898407271,1.2285139010384192,0.999
221,True,0.011046377549050879,1.2553513105700425,0.999
222,True,0.1028101781923535,1.254703127281862,0.999
223,True,0.08306827710993905,0.9841530983337213,0.9945568305121953
224,True,0.05538055222652784,0.9899577486377362,0.9856648411741179
225,True,0.061781642273612124,0.9796448854547183,0.9973329995387605
226,True,0.06679554489990915,1.2515279333053038,0.999
227,True,-0.24926223601534164,1.3831498610210797,0.5709781266327465
228,True,0.039389080184773356,0.9848670390276676,0.999
229,True,0.06953050766082705,1.2899910843580642,0.999
230,True,-0.04081167238379743,1.2318926576293414,0.9983511081860003
231,True,-0.38450151269243454,1.3208475251579381,0.7107140972198628
232,True,0.09948984921282657,0.9689359457903587,0.989274048279497
233,True,0.0707796766138138,1.3461824969255594,0.7161769087618495
234,True,0.012288538044740751,1.310278755260608,0.8386211205938834
235,True,0.06435673385192082,1.0146584723527583,0.999
236,True,0.13030373323057087,1.5202679087719082,0.3697660499875216
237,True,0.0438571647892303,0.9957941276838316,0.9989999917540915
238,True,0.08609035860375941,0.9477885148747197,0.9972541184065463
239,True,0.22550608993652893,1.7171157765911607,0.28670901955334877
240,True,0.12741776283074221,1.258203284088443,0.999
241,True,0.04767443694390489,0.9691113675166664,0.9983209025762342
242,True,0.09043306192678592,0.9682130486812408,0.9934904587304204
243,True,0.071674476554676,0.9696470707997649,0.9958791680452108
244,True,0.07087018981838776,0.971149119984516,0.9931673270110911
245,True,0.10585408175925981,1.009860016058365,0.9962426728025677
246,True,0.003072513919155246,1.523299725018486,0.999
247,True,0.6405139084541203,1.467019773967654,0.5427245619656105
248,True,0.06872584882155251,1.0258285365005977,0.9964612461057744
249,True,0.1163245223896623,1.2495428009729075,0.999
250,True,0.06104871416606572,1.0104616694331314,0.9966299743817403
251,True,0.023219803211344984,1.064889388537609,0.999
252,True,0.0867979831235725,1.3810690325861992,0.6496886250770046
253,True,-0.05687016944899142,1.2861465611114236,0.841222013046458
254,True,0.07454762089454278,0.9827001283917781,0.9813968379458783
255,True,0.04714643221783204,1.0473224898264757,0.9500000000009875
256,True,0.05126618821772912,1.3964999065273118,0.622171309270545
257,True,-0.04436251842541121,1.4069772903802242,0.566309709561207
258,True,0.009270651338576578,1.2731741102635108,0.8590498537194945
259,True,0.035757732169136115,1.025704370648876,0.949999999939035
260,True,0.04779953762353158,1.261923634891036,0.999
261,True,0.07950853852597055,0.9535528383377165,0.9989999989421647
262,True,0.242084403502222,1.2732753963745533,0.999
263,True,0.022158255496962525,1.3712828565901232,0.6846721286750443
264,True,0.15639998353008247,1.2653589444486042,0.999
265,True,-0.16817106564880702,1.236609359649724,0.999
266,True,-0.10124253065622028,1.2404002345683924,0.999
267,True,-0.01022354145006743,1.2558191524657558,0.9055187439043009
268,True,0.05962781504068522,0.9614688221164303,0.9941213277089217
269,True,-0.1340695671529011,1.3373903407915066,0.7253086921096117
270,True,0.10903276839808418,1.2306735633593646,0.9902868761945697
271,True,0.0679489699946017,0.9198330113302613,0.9854635180564872
272,True,0.2527134819036905,1.6988834133866693,0.9349516191050377
273,True,0.08171648975235409,0.9432366436781794,0.9893404742814329
274,True,-0.2981710521722737,1.2351949161852027,0.999
275,True,0.049420705817270705,1.2395853609249414,0.999
276,True,0.06248443828912399,0.9980382236825212,0.9989999227697431
277,True,0.04260702411796443,0.9781674970756911,0.997876478579545
278,True,0.09323643113292894,0.9958428211713815,0.999
279,True,0.040346981791115406,1.0622127660287028,0.9989999919181438
280,True,0.30686265750686936,1.268524342700372,0.9711353483336235
281,True,-0.08620353376009414,1.2195013240995278,0.999
282,True,0.3353783370715691,1.3817895511213067,0.6418612590083784
283,True,0.17890452322170214,1.3833377602919434,0.6964215598838116
284,True,0.06810411216988085,0.9938196915377439,0.9908032464563239
285,True,0.07864996695778977,0.9662953869795129,0.971013091441058
286,True,0.08954358485731398,0.9628810752277799,0.9884409813067274
287,True,0.05522399497608186,0.9730620552156298,0.9886273338759554
288,True,0.05474897550547427,0.977623191863619,0.9989500201366002
289,True,-0.2543897165712953,1.2100178984020713,0.9699457891727463
290,True,0.07859191973143467,0.9638082407502705,0.999
291,True,0.04299494098780817,1.3832219133685175,0.6145368862077492
292,True,0.07798449695412439,1.0285905813259162,0.9943688682643294
293,True,0.06371603939619873,1.0251568004190743,0.999
294,True,0.1228490260850594,0.9761469938652252,0.999
295,True,-0.051689432728375444,1.6880732430846028,0.12664320933732037
296,True,-0.0461072199505765,1.2333624853664,0.999
297,True,0.040749118155148874,1.2505487997905422,0.999
298,True,0.089042869646181,1.4312175980030695,0.5611801290354835
299,True,0.07620236888124,0.9696116536636105,0.9970813555278288
300,True,0.2918702037867874,1.2706101472121794,0.9154341033416639
301,True,0.06656200840667273,1.6283353143867754,0.9579768827227267
302,True,0.07803838393874295,1.6153550679951416,0.18190135424412857
303,True,0.24253209354092978,1.2759419310411602,0.9451776022068479
304,True,0.061555943577344736,1.2579618284001082,0.999
305,True,0.11411976155393265,1.3247034504072666,0.8239742688209685
306,True,0.05701084796985967,0.9864586049307226,0.9939729550438254
307,True,0.03340181269915852,0.9738740486600569,0.999
308,True,0.055562123961094945,0.9955689438438593,0.9989879809366798
309,True,0.05800348075950792,0.9442383460485786,0.999
310,True,0.04666750352557634,1.4454235515758018,0.5109350111821996
311,True,-0.1851511024032813,1.5298834725143309,0.9479470524643759
312,True,0.005610230592898957,1.0102602166986667,0.9534789257399815
313,True,0.04530220264801395,1.018237172879387,0.95
314,True,0.07086179162118286,0.9352505510898496,0.9972126729447411
315,True,0.05500881583774857,1.3734963633877169,0.6726270095081622
316,True,0.08656006373002345,0.9228008652132506,0.9923573054489891
317,True,0.05088372165319325,1.0650845808858662,0.95
318,True,0.07415054782009155,0.9407704174943867,0.9959003165097754
319,True,0.06822785730717108,1.0422982725728245,0.9938509999641972
320,True,0.08652016623436842,1.2532667586996553,0.999
321,True,-0.11508166632681448,1.2169916400760092,0.999
322,True,-0.08256771879235456,1.247909748274558,0.999
323,True,0.056937577540957136,1.2286523811018102,0.9974316876325269
324,True,0.029838027419072887,1.0028886104960364,0.999
325,True,0.04486839166732298,1.01090155954465,0.999
326,True,0.09890890539365228,1.016539975945761,0.9987916036494295
327,True,0.10797751650494453,0.999125303401469,0.9916107085896879
328,True,0.0790252503488359,0.9789979850322672,0.996862737288626
329,True,0.25122440740593066,1.5674570797782557,0.26112669810666883
330,True,0.047653701137093246,1.0532359129445545,0.999
331,True,-0.010866198785251207,1.4183760607427798,0.5238429438441801
332,True,-0.0807583680379268,1.5139002626957834,0.4353487527158763
333,True,-0.6150612991759561,1.2074576366209482,0.937047567636064
334,True,0.039468103310495585,1.2804543064212528,0.9263156023053238
335,True,0.16694786701632652,1.3016714512915943,0.8073381807950983
336,True,-0.12393788662708431,1.2347803651618359,0.9894411262470942
337,True,0.030284801007717965,0.9836894065020044,0.9500032641444788
338,True,0.2336168502022091,1.314609876416408,0.9294031079262468
339,True,-0.025689167380639054,1.4512583533385397,0.5056994158145968
340,True,0.05598146989340961,0.9803753803098543,0.9976751364182529
341,True,0.25524090043642006,1.274112842711786,0.999
342,True,-0.02049565136252525,1.2283260379636753,0.9616875348565774
343,True,0.4886595417723536,1.4267429600489703,0.6463143935446908
344,True,0.04310433874613595,1.2411783663800784,0.999
345,True,0.018168463112705025,0.9589190654420228,0.9904412349528923
346,True,0.05637686128005259,0.9934976903602781,0.9934505393195452
347,True,-0.01752013089641198,1.3088277510245143,0.7823450438420421
348,True,0.09425534698898759,0.9742752546008531,0.9974052719814286
349,True,0.017997924004690323,1.0487138815628532,0.9501594575237132
350,True,0.13975587250465923,1.2715961764789723,0.999
351,True,0.03552703312037255,1.4042200495202972,0.5600774492678794
352,True,0.019621053420749927,1.314219715852678,0.7841903270911968
353,True,0.05851853850969986,0.9400554918510882,0.9944171086221204
354,True,0.09418987091671495,0.9391945822364174,0.9917653759836251
355,True,0.1382038893294898,1.261110585393074,0.9295218983099214
356,True,0.08463134326968492,0.9745432014342937,0.9967687541081041
357,True,0.08961920621020575,1.0253609529953158,0.9863783770077953
358,True,0.18745762276190372,1.253825367270806,0.999
359,True,0.012783651330437108,1.3615972381990358,0.7144925313782509
360,True,0.023249111312974125,0.9852444278733882,0.999
361,True,0.03776771721675128,1.0549967777439027,0.999
362,True,0.13018656406954715,0.9397360700422777,0.975744598946205
363,True,0.05970871302000384,0.9582482806445421,0.999
364,True,0.10216623976150581,1.232086185682066,0.999
365,True,0.04050338622914282,0.9601188259317325,0.999
366,True,0.071550102080648,1.0068604845914602,0.999
367,True,0.054671492114685624,1.0220108163706498,0.9827321640817597
368,True,0.018598308738640167,1.3090947110721793,0.8184982909038769
369,True,0.04730269433345296,0.9786057270867251,0.9989999807814687
370,True,0.13907322412166717,1.5772025462388484,0.30731465363166344
371,True,0.08602351088077394,0.9800885654089546,0.999
372,True,0.04447671686796065,0.9913228557105572,0.999
373,True,0.03642109287918672,0.993146638666466,0.9500000006323309
374,True,0.030280284597010057,0.9778547237697844,0.95
375,True,-0.052441072535257746,1.2347352772748053,0.999
376,True,0.03252560801206929,1.340669528275781,0.999
377,True,0.07701930976146938,0.9338100299161891,0.995413561979252
378,True,0.03139098114918802,0.9850560988476496,0.999
379,True,0.2514972831568306,1.470175338464115,0.5254309994236208
380,True,0.33199415453249215,1.2981887512747445,0.999
381,True,0.04515906358866163,0.9469105210842155,0.9989998109389058
382,True,0.05896287933044535,0.9713112905384129,0.999
383,True,-0.010818465358013573,1.3876281389227396,0.6395871003042214
384,True,0.09308691426281816,0.9906730973083809,0.999
385,True,0.05706388437643111,0.9706905834547686,0.9973492541493344
386,True,-0.012550744674987253,1.367629881208975,0.6652310442627939
387,True,0.03366476438466096,1.2299177022834853,0.999
388,True,0.37903309580824096,1.339215003192151,0.758482462353938
389,True,0.4301301121498412,1.540704731129471,0.3591305030105378
390,True,0.05556587877394468,1.0052124587206483,0.9948706679468071
391,True,-0.01874278323294362,1.2613679835339247,0.999
392,True,0.16408979582673675,1.2496129771285445,0.999
393,True,0.10974361597271308,1.0218502456116076,0.9982561816609072
394,True,-0.12088584522467667,1.3422335842835544,0.7054165009555934
395,True,0.2910635023261929,1.4829589928235916,0.4957417464190213
396,True,0.052188540216957215,0.9677065473216216,0.9952762062912637
397,True,0.06173960720736453,1.022294689290347,0.9970785079556017
398,True,0.034376480561213694,1.0035260149023943,0.9989975339525556
399,True,0.05782639825698195,1.0367864906239603,0.9984539147639018
400,True,-0.1062992136016472,1.2140255056515101,0.999
401,True,0.04340209817077856,0.9473928530853521,0.999
402,True,0.05922575844180791,0.976637072787866,0.9750012441639687
403,True,-0.16092357407596625,1.2350106884187273,0.9674167772187171
404,True,0.24779208701679972,1.2569967468899517,0.9988094644798371
405,True,0.09808001675119245,1.0508744704519817,0.9840575849915776
406,True,0.0703648504983159,0.9758769992255145,0.9923720987340099
407,True,0.057000362232188934,1.018677745439749,0.9984000028107209
408,True,0.08185608929707693,0.9637457054896917,0.9815066726027657
409,True,0.3642286199566428,1.3897463535543435,0.7204327019602386
410,True,0.045724954086384224,0.9953299261869042,0.9878432590795617
411,True,0.04736178342736975,1.0292409069756012,0.999
412,True,-0.0401149459882819,1.2434126357199817,0.999
413,True,0.08487828014319886,0.9385365548299388,0.9988442774189886
414,True,0.03803595551633695,1.061997056047664,0.999
415,True,0.07934915636473946,0.957959688057105,0.981863715483259
416,True,0.5127887442303715,1.5153438580535268,0.5237448168383078
417,True,0.06835068080861091,0.9429252850533167,0.9697014028289771
418,True,0.040883978766399265,1.3143229295781211,0.7415663022662644
419,True,0.08517018980031535,0.9367646047202022,0.9962666677931761
420,True,0.07256105138919222,0.9740364444424967,0.999
421,True,0.15578064085413024,1.2642454907117024,0.999
422,True,0.054983728694256634,1.0160402596230202,0.999
423,True,0.09874670736737921,1.232632450006405,0.9810982738887117
424,True,-0.02369268955378574,0.97181113454459,0.999
425,True,0.04946197771858902,1.27113380169417,0.975223899979093
426,True,0.04143467313617133,1.2268249039676533,0.999
427,True,0.060748966631823435,1.620494509486253,0.211382483834003
428,True,-0.10882248541805171,1.246177652079844,0.9666154748605392
429,True,0.05952131030440767,0.961878714918461,0.9900658981547982
430,True,-0.026831130343809635,1.2825319776392043,0.8930557064885747
431,True,-0.12389397658763927,1.2442389273662726,0.999
432,True,0.07978613080882777,0.9538438660971473,0.9870878892719692
433,True,0.4251532376850866,1.4084006133356577,0.6825016829254948
434,True,-0.046246081200544145,1.3524415176447264,0.7083661006021029
435,True,0.05092201897346367,0.9927508986260918,0.9500000000000014
436,True,0.041807590753423225,0.9808070277497917,0.9989993476164938
437,True,0.13028713798287697,1.2776541887323778,0.9393619092464894
438,True,-0.1405939559364278,1.2357650890138738,0.999
439,True,-0.4799108890238341,1.3779239718526994,0.5659167125932316
440,True,0.07579846078301074,0.9565357153265165,0.9762635731185109
441,True,0.016276404019661413,1.46521840457817,0.46631769096334935
442,True,0.04656517858726441,1.2739047280627904,0.9239077984470643
443,True,0.05346900909347139,1.27154493061183,0.8640278227978921
444,True,0.08650798934765147,0.9516701210120282,0.950000000000027
445,True,0.0777665596078258,1.037384117950129,0.9500000000000053
446,True,0.3261252922909613,1.279160552377446,0.9512218000607537
447,True,0.07382875997696724,0.9915288169090726,0.9976042416823054
448,True,0.12393302225728148,1.2726770788313684,0.8792597498003382
449,True,-0.01642953792780351,1.2650872396823032,0.9139896102597366
450,True,0.0485347792536604,0.9920133633336525,0.9966950987278224
451,True,0.400216090774796,1.2598901232931088,0.9576548375940165
452,True,0.07169684470688016,0.9512620933987167,0.9954049601037318
453,True,0.03702961461332615,0.9959286923296886,0.999
454,True,-0.07124702505441212,1.3937955418220136,0.5597096469383991
455,True,-0.2190798583461438,1.2942917028561616,0.999
456,True,-0.9305535008223536,1.3496033947975967,0.49988139729709297
457,True,-0.017852502042847034,1.2996050516328788,0.8695771857271014
458,True,0.019379705820255215,1.2979459107490585,0.8952974167695597
459,True,0.029230418665603868,1.2521180083797012,0.960386610040591
460,True,0.051788108169864025,0.9745510010658137,0.9749070288028124
461,True,-0.32759610598867517,1.298374968554492,0.7776792446647708
462,True,-0.0621071334163296,1.244962627240235,0.999
463,True,0.13819104499190782,1.4474176692903078,0.5298863253279975
464,True,0.18208735705985066,1.3276668567139334,0.80639025545007
465,True,-0.2131855394692806,1.2914082337875552,0.739758479546845
466,True,0.03852776572442931,0.9386819160051255,0.9959454650408167
467,True,0.08137275837200932,0.9677145716534608,0.996114499375649
468,True,-0.07910187689032908,1.254917465952434,0.8896727109723346
469,True,-0.05121008535889972,1.5871999683496945,0.8824676387242342
470,True,-0.022239524255021306,1.3605188223073765,0.6108471439137311
471,True,0.06325462328908488,0.8932814890927931,0.9959521023808107
472,True,0.06301999695797696,0.9508682184963572,0.999
473,True,0.0524456815479011,1.0615475163229036,0.9562353280341448
474,True,-0.1201662133227923,1.2891100653132812,0.999
475,True,-0.23423361325939301,1.4295019345627182,0.5183600280216335
476,True,0.0724675211079854,0.9189171075429469,0.9778419810521422
477,True,0.04103207243361775,1.0432830481998483,0.95
478,True,0.08084251427840566,0.9492709031964607,0.9914982667587351
479,True,0.07057820625662349,0.9351854660902411,0.9987980225328693
480,True,0.01071767838720049,1.6165528795979187,0.999
481,True,0.06701756823642835,0.9776379212767237,0.999
482,True,-0.05084246540821783,1.2538930858892103,0.999
483,True,0.06948525011870148,1.5174906604789578,0.31980012175129036
484,True,0.1012382461145465,0.9414062372017657,0.999
485,True,0.1027185542884828,1.273092517245731,0.9094422665468784
486,True,0.25151120385970427,1.3207543759957203,0.8562264265436946
487,True,0.1775768565095719,1.2688267462922675,0.96612424361791
488,True,0.08085550153632665,1.3198994981595762,0.7473268850160014
489,True,0.06530304702712333,1.0002210909314173,0.9955504664575389
490,True,0.06628625458106407,0.9787367129284053,0.9916027518205662
491,True,0.09227976457009039,1.357446232596936,0.644544811417264
492,True,-0.020196197475487496,1.2782515703969217,0.922199179571998
493,True,0.06281073973326062,1.025963308893851,0.9911408998472405
494,True,0.026606651275641637,1.2375922067694836,0.999
495,True,0.07659489696955184,0.9486534531932012,0.9854081969688452
496,True,0.05276826416565978,0.9901707210556684,0.9986471657320031
497,True,0.3921692995303867,1.4643355181939155,0.5244602876315095
498,True,0.061980782205262985,0.9957644087141753,0.999
499,True,-0.11052808537847292,1.2296381832613972,0.999
500,True,-0.21277170895324918,1.2452147393748656,0.999
501,True,-0.02286855011197649,1.242222320551138,0.999
502,True,-0.3030701809886434,1.3486621361014803,0.6756196049707728
503,True,0.04775613133997496,1.2449090216614274,0.981472184831938
504,True,0.08103900368534073,1.2854965665927196,0.999
505,True,0.130108639677,1.2493393645216533,0.999
506,True,0.048956527185585276,0.9873240634590921,0.999
507,True,0.07466093910923159,0.9616280769075517,0.999
508,True,0.05900329408172793,1.0085908377646302,0.9978228857303438
509,True,0.10692348163467122,0.952658841405159,0.988274908801283
510,True,0.07029608064326567,0.9595271621063496,0.9588867805927561
511,True,0.06046141666939546,1.0385201975040925,0.9644659594239648
512,True,0.05214919069898997,0.9515509129503328,0.9973978094731687
513,True,0.19024458706631314,1.2596414965627702,0.999
514,True,0.0594112027594816,1.4429252050833092,0.999
515,True,0.06770810120510982,0.9977191110282455,0.998999790815304
516,True,-0.02108241928590714,1.2379717601544225,0.999
517,True,0.12882411975250516,0.9960514686992885,0.9904603906443262
518,True,0.05102975756386909,1.0266475200356533,0.999
519,True,0.08422732249993567,0.938567701767892,0.9948194483481823
520,True,-0.0978130728216543,1.240703610652153,0.999
521,True,0.1775734954314006,1.4841869520387543,0.47168338566005913
522,True,0.011938489603090003,1.2699803632909137,0.9069147750285665
523,True,0.042615712024866755,0.9764144346203686,0.9895971892850312
524,True,0.03253932965220908,1.2634268956143022,0.999
525,True,-0.14121310978314247,1.492670306419649,0.38917326309654654
526,True,0.04226901747438367,0.9347390541302419,0.9972620370619799
527,True,0.10274553018095783,0.9431461166536254,0.9891738290090805
528,True,0.07785662829425581,1.2674763192725917,0.999
529,True,0.043690603559785705,1.2494905186081615,0.999
530,True,-0.028562974907284117,1.3137403971953876,0.7129346956462544
531,True,0.38268239499024453,1.3519999201591313,0.8349213782173599
532,True,0.11469197701405365,1.2538850577875582,0.9640640902846286
533,True,0.08915647144597191,0.9785175820343913,0.999
534,True,0.0961481551995248,1.0310357222203217,0.9556154251531853
535,True,0.18283011882762787,1.2630880564732265,0.999
536,True,0.043296744937381025,1.2852724796861346,0.9100249531180757
537,True,0.05377402793686926,0.9608709706443059,0.9935937169411009
538,True,0.37084200554513463,1.3709162458522606,0.7515756639195791
539,True,-0.2552408193924374,1.3370251859587123,0.6231949564870858
540,True,0.005891145473779386,1.06984164230072,0.95
541,True,0.14155184154362865,1.35384503376925,0.6647882927785738
542,True,0.012052685502727907,1.2749690998574992,0.8545507916245584
543,True,0.05369231317484059,0.987377136653695,0.9501664412291466
544,True,0.061576772784562174,0.9713494544609004,0.9535496839082968
545,True,0.10684863559055253,0.9632468880362242,0.9897529705104195
546,True,0.04578646758713924,1.0260875656892687,0.9975099490273159
547,True,0.06957573733239623,0.9729007970671557,0.9907426289746031
548,True,0.048939949619886854,0.9986381186698973,0.9982271493892163
549,True,0.0411023558289733,0.9431294843265152,0.9983733640528857
550,True,0.0791867856275813,0.9566210059927752,0.9894432375984247
551,True,0.08734553777318144,1.0163145610489048,0.9825158087628834
552,True,0.0010383484711872252,1.2549728281104051,0.9944771823852564
553,True,0.14127535008075998,1.2694579058997504,0.999
554,True,0.04491987707284846,0.9893576560358511,0.999
555,True,-0.04116842677284703,1.2234149566292112,0.999
556,True,0.03237807015793723,1.009801066740072,0.9453318975680338
557,True,0.10901123474309965,1.3038453318708043,0.7731616693160076
558,True,0.013787156047975408,1.242314582347099,0.999
559,True,0.0974621438468974,1.0081013648664325,0.9988776009553302
560,True,0.5178550718312283,1.5340252351561472,0.999
561,True,0.11988704718672229,1.2479046778797371,0.999
562,True,0.12426318418959907,0.9887312663550484,0.9620698969523563
563,True,0.06534791518330528,0.9927224116136119,0.9943579693925784
564,True,0.02999393057035475,0.9421245815927635,0.999
565,True,0.04878629170984148,0.9892639029945024,0.9989999999999876
566,True,0.06858736286703322,0.9897132715006223,0.950000000000003
567,True,0.008562464325476898,1.3081514009515458,0.8185407321619145
568,True,0.038355636651747786,1.0218229883431007,0.9740953337368441
569,True,0.1531182686481696,1.2577203904477956,0.999
570,True,0.13132032750032033,1.2521017586187062,0.9435440041744612
571,True,0.1340232269519796,1.2681789977315205,0.9984260114336535
572,True,0.09166482209188248,1.2311779179424287,0.999
573,True,0.04152458857801064,0.9986123480742911,0.999
574,True,0.037558847277215354,1.22648922854495,0.999
575,True,-0.03759167115972604,1.9018321802692761,0.27183049165335316
576,True,0.08501662662702189,0.9734255164777489,0.9819253432957445
577,True,0.07133956863053492,1.2455960863795807,0.999
578,True,-0.097941112828408,1.317173512355643,0.7194770097630329
579,True,-0.12710580100565777,1.3700006998670362,0.6153713368278775
580,True,0.06867230629639806,1.4189315890411212,0.999
581,True,0.08850853461584751,0.9869355868146883,0.9580166282039302
582,True,0.023367636226580755,0.963108988170667,0.999
583,True,0.09033081569185696,1.0163812587248702,0.9971352979034234
584,True,-0.5220265042316533,1.2307781007547218,0.8519941336257918
585,True,-0.04858015411065072,1.2548161558281294,0.999
586,True,0.0607443953162951,0.989186053003865,0.9870470932632956
587,True,0.11279148817889448,1.247283415859803,0.999
588,True,0.06321107177871671,1.009052829545751,0.9967737270623775
589,True,0.08711384580574125,0.9380130648121812,0.9989999567847807
590,True,0.11680005619571053,1.2599937932507739,0.9153643136051369
591,True,0.0340110501035942,1.5885372539251015,0.9771534458677258
592,True,0.0723340597675319,0.9942173404641512,0.9982208739756906
593,True,-0.019961790749848704,1.25120698519911,0.9557111279198132
594,True,0.05717325184777543,0.9908999783012359,0.9987553653534962
595,True,0.04333890434062674,0.9614451747188251,0.999
596,True,0.2494499317321187,1.3280691163435427,0.8441246759117458
597,True,0.14084244717149433,1.6184627574411923,0.1919195569890256
598,True,0.052546440387218056,0.9781993051813537,0.9917294877228421
599,True,0.10030686974830243,0.9973168412021246,0.9694793193406922
600,True,0.1649062478802164,1.2661122635813118,0.999
601,True,-0.05395471767207084,1.2806272252201791,0.973594401088951
602,True,0.06731735892216903,1.0124998944874741,0.9500458478376445
603,True,0.09989734338944678,1.0562502710277637,0.9498910523011248
604,True,0.03755180924234812,1.0201581495709158,0.9489046234163014
605,True,0.013778733927692792,1.0286260369691078,0.95
606,True,0.08425185977004675,0.9996631498139594,0.9826865380228123
607,True,0.07877451302910028,0.9197700397020937,0.9796287476937102
608,True,-0.056893945763083244,1.2436840277887957,0.9973183773936501
609,True,0.07682308935636595,1.2583111083153682,0.999
610,True,0.2938153332760112,1.3132851195097333,0.9351359946364111
611,True,0.03614581528025303,1.4475921401579002,0.5064665841935055
612,True,0.1060768552722691,0.9607076738338637,0.9938957454056315
613,True,-0.012405451875257321,1.361316896804992,0.6942722385065433
614,True,0.09863627256533126,1.2438982329604398,0.9989736083813309
615,True,0.13558114949719052,1.2492794562003031,0.999
616,True,-0.07770636068820357,1.2233770823977328,0.999
617,True,-0.03986228388527127,1.2689505959734242,0.9064327611847666
618,True,0.07393855640263165,0.9163948052029862,0.9989979574458053
619,True,0.16653952336276268,1.4187570636208895,0.5807921991937208
620,True,-0.03065429862301361,1.7814611747297824,0.570310189488246
621,True,0.3937501760108632,1.4732236860175376,0.5913170746478403
622,True,0.08678205286620205,1.0262346380926226,0.9390149269563369
623,True,0.07218572635655976,0.953850385552175,0.999
624,True,0.2973665046890846,1.2595483556647509,0.9656405395436137
625,True,0.10769553402200575,1.8187211391543627,0.3895012238176998
626,True,-0.36524836180917897,1.3109259228900825,0.7539222080582872
627,True,0.07948705696456931,1.4777852745271816,0.999
628,True,0.06873902662679031,0.9635922659102188,0.999
629,True,0.037193462254700944,0.9516209511661771,0.999
630,True,-0.009960068294535348,1.2570170558593428,0.999
631,True,-0.055915191200362445,1.2344304283362828,0.999
632,True,0.0918295441317823,1.3931690999500497,0.6578039346139417
633,True,0.035618631973413174,1.3257149304470668,0.7960537671558928
634,True,-0.03765285966388047,1.234103949465066,0.999
635,True,0.032455681609641754,1.249817690020851,0.999
636,True,0.05148869443511563,0.9985306627137424,0.999
637,True,-0.04432219322414992,1.2852077837005504,0.8660408554895004
638,True,0.05809038062871278,1.2836294114630105,0.8415515634363225
639,True,0.029599468933506744,1.2593672222358128,0.9312783778957673
640,True,0.07375748123972087,1.0750634688368719,0.9950011000975072
641,True,0.08731758718492352,1.0127185981228612,0.9976205759377434
642,True,0.12578365346638584,1.290962824237108,0.931146142329635
643,True,0.10005419825153815,1.3899431532631072,0.6317283329393495
644,True,0.08391266124996168,1.2695279520046232,0.9430326874341183
645,True,-0.0681196334937929,1.304080894669296,0.999
646,True,0.0863337282544134,0.9772645363528221,0.9827758161272563
647,True,0.15204097962450852,1.3163233268483867,0.8047154651094665
648,True,0.036404895080040876,1.0091103445874563,0.95
649,True,0.08382398421658831,1.007454956286856,0.9968865456517129
650,True,0.0869690045116876,0.9771381586686104,0.9797860256983266
651,True,0.08065831833511594,1.3832910823763793,0.6648928978446025
652,True,0.09431067398601417,1.0226549863672378,0.9503074467441093
653,True,0.041467526768606246,1.0014222375019617,0.999
654,True,0.0680307927730337,0.9334677365202444,0.9775343710846698
655,True,0.1290247926085666,1.418209649953026,0.5443612865990194
656,True,-0.012570080014747995,1.2523435834895056,0.999
657,True,0.5594011795590879,1.3288035341166362,0.9536025341597189
658,True,0.09384684034635075,1.2351472302201554,0.999
659,True,0.25925086018943655,1.7187104815948333,0.1323216250116853
660,True,0.08952126541747221,1.2452446684227267,0.999
661,True,-0.1476587070077216,1.2661303407678137,0.999
662,True,0.18898765615041763,1.3019733695864986,0.8120771489825447
663,True,0.04018518548726224,1.3931076479108437,0.550001620896679
664,True,0.0692314232746297,0.9067602383985223,0.9516380658584763
665,True,0.10607487664145425,0.9917679879919499,0.9527754408899933
666,True,0.06138037059858421,0.936837208410772,0.9917857771944646
667,True,0.05294946575237171,0.9843385952833412,0.999
668,True,0.03934281581885651,1.0169326481607055,0.9499964033804408
669,True,0.033722754927087414,1.2511671367040764,0.999
670,True,0.1307063925730757,1.258488154206765,0.999
671,True,-0.08538249999995798,1.6333593515908076,0.09922380172354564
672,True,0.2754801006316354,1.268286608357888,0.9948228234160519
673,True,0.046909838042308964,1.011621862419506,0.9963190381761248
674,True,0.35555963090528003,1.3582245800742774,0.7892550139679939
675,True,-0.026785414955164386,1.6766850040777128,0.13008475869992694
676,True,0.06303043475749595,1.0001097066633182,0.95
677,True,0.0875903664156807,1.0203191002415377,0.9500000000814925
678,True,-0.0258041954575479,1.2625495576015353,0.9687255751343052
679,True,0.1828617880752254,1.4077201911518595,0.6059571043710138
680,True,0.07642180631440386,0.9855473782387977,0.9976648727617657
681,True,0.1581764637698501,1.2692991654219097,0.999
682,True,0.1334016174269438,1.320890579751606,0.8114487688518887
683,True,-0.0141036196429175,1.4010666542221404,0.6113105002986691
684,True,0.02322174051628562,1.2372933724652944,0.999
685,True,0.11903046655827494,1.2456725182842803,0.999
686,True,0.035574957506285115,0.981206446622508,0.999
687,True,0.0861756332718769,1.2733859305187387,0.992561615339754
688,True,0.024230221714989647,1.2301469497935626,0.999
689,True,0.08107400537467639,1.027088508880697,0.993996715452309
690,True,0.052812853871749305,0.9931936872591148,0.9946972127510507
691,True,-0.09457337684813913,1.2514142337681986,0.999
692,True,0.1558343642302381,1.265950513755952,0.9969740118067045
693,True,0.08847763810086372,1.2718799077416376,0.8837792628552972
694,True,0.050234858390107606,1.22758729946238,0.999
695,True,-0.021922320906290742,1.4614433508152211,0.48850928349972056
696,True,0.3841824144885508,1.2780674715288223,0.999
697,True,0.016957593919302176,1.2667585134834316,0.9179883317225489
698,True,0.11959079238379261,1.462075591930153,0.4756337492586958
699,True,-0.004742482185809089,1.2477685385323527,0.999
700,True,0.05385054910681242,0.9812568659705115,0.9500725761609092
701,True,0.009746986433967268,0.9627038583808247,0.999
702,True,-0.5001789769180824,1.2797966392266182,0.8750776953997632
703,True,0.07604507196641667,0.9676596630471138,0.984016419897559
704,True,0.10832633300717825,0.9489000147010691,0.9872527404329996
705,True,0.44930119418995373,1.3272352833676075,0.9153470982880973
706,True,0.05211498319962855,1.2960904803141857,0.8806113758342391
707,True,0.15576625634969787,1.2687794997899915,0.8848523570400815
708,True,-0.059455902090623874,1.3097447452611795,0.8577886067424724
709,True,-0.3601363772215046,1.2100891188421767,0.9704737708245342
710,True,0.13584872585810936,1.2719555964497684,0.999
711,True,-0.1354703716957379,1.2404955245908695,0.9989999931228324
712,True,-0.04130767597733293,1.249851665477247,0.915297531806617
713,True,0.08430675910666371,1.7013555718325082,0.696300304440342
714,True,0.05600450292090427,0.9520480096513156,0.9986353571215828
715,True,0.030357945436009302,1.229630394214302,0.999
716,True,0.08154880050144571,0.9875060798131583,0.999
717,True,0.046412925595782535,1.0416921264536447,0.9800216586519217
718,True,0.031200256393133452,0.978370694327179,0.999
719,True,0.034145369135919715,0.9800916697261383,0.9989999740404728
720,True,0.07097307584141654,1.2315058258679725,0.9921173244202066
721,True,0.1496521411805323,1.255894455507011,0.999
722,True,0.08293610940011352,0.9590552435180266,0.9970032786830241
723,True,0.0837942407360247,0.9351672032030379,0.9868420183404226
724,True,0.025747991406480698,1.0635297631905676,0.9500015177811562
725,True,0.0031608049974339914,1.2472310633639276,0.999
726,True,0.09749417119727988,0.9590157070098649,0.9886172200353764
727,True,0.17880822636271496,1.261403129443549,0.999
728,True,0.08798515920126289,0.920578469807421,0.9880729762486211
729,True,0.09116166343673957,1.2806752353341144,0.9196482441207856
730,True,0.28247275375313896,1.2827198667658923,0.9287054196734045
731,True,-0.0275783839389556,1.3235715953093021,0.7458180010587032
732,True,-0.052444279409001246,1.2364951097933035,0.999
733,True,0.0658429899127108,1.2451138392824976,0.999
734,True,0.025287672197830968,1.2415555481748164,0.999
735,True,-0.2544843815715898,1.2410303947481034,0.9820400548066895
736,True,0.003296240633416265,1.2406803490530547,0.9440868417764956
737,True,0.08092512357724213,0.9634375622941044,0.999
738,True,0.05820792533636077,0.9924012123259572,0.997731186769517
739,True,0.15448863074408017,1.2366187457391715,0.999
740,True,0.07293340599987619,1.009626494535872,0.9893662493923868
741,True,0.04862270631527363,1.286269878956914,0.999
742,True,0.04009809877190428,0.993953770891489,0.999
743,True,0.08400976033029006,0.9853100538561522,0.9928045235916615
744,True,0.11294225922144048,1.2801452814208927,0.9443239852037947
745,True,0.04493091069796098,1.0159450275527664,0.999
746,True,0.07092044103439064,0.9686033145549257,0.9846169977041882
747,True,0.03953163827774934,1.4645490008899529,0.48056451380028226
748,True,0.021714271587135955,1.351397240874379,0.7485274975220666
749,True,-0.012096380896206177,1.3016080406273474,0.8695848753794568
750,True,0.056716067416502806,1.068542153534192,0.9500000000379145
751,True,0.02405560865270301,1.0449826383350274,0.95
752,True,0.05140415748257398,0.9402179890468682,0.999
753,True,0.03152860995304608,1.238019889096769,0.999
754,True,0.05475698427139037,0.9779121233248723,0.999
755,True,0.08273841401093263,1.2623309722964628,0.9791737391422821
756,True,0.06163122701784875,1.0105426093412575,0.999
757,True,0.07779312970423954,1.0312278765585072,0.9885409826054175
758,True,0.02027235879161916,0.9960540233089115,0.9500006535861882
759,True,0.07793704621062646,0.9254475950353316,0.999
760,True,0.05046087598107422,1.35117081168982,0.8966473140299142
761,True,0.08003856019658452,0.982775500121413,0.9944847962064252
762,True,0.092256260705167,0.9610277483801412,0.999
763,True,0.10477361913069581,1.0688282251333792,0.998999998724334
764,True,0.13066002148222522,1.31939072764646,0.828938978690212
765,True,0.21938316383956702,1.263557304911993,0.9989999999999927
766,True,-0.0071397771456741645,1.2570341539936676,0.999
767,True,0.10711457511404905,0.9758251259627166,0.999
768,True,0.06855644252294257,0.9827802278060214,0.9979814026309143
769,True,0.29737372071660667,1.3106168951575636,0.9089756307634792
770,True,-0.0024357765470076334,1.2183673552361394,0.999
771,True,0.04903094445360191,0.9680632880192408,0.9954870624664146
772,True,0.15629376903361705,1.2776017473026933,0.999
773,True,0.06428855089185166,0.9874186517375105,0.9948073162815847
774,True,0.0869366002978113,0.9544609362223537,0.9641093192696737
775,True,0.08296768773592698,1.0147110929171472,0.9500000000000033
776,True,0.04591701078734251,0.9438712966981512,0.9715890376846542
777,True,0.11119944205089237,1.0024967972536338,0.9852109402357548
778,True,0.06375491887019998,1.0598066912423898,0.999
779,True,0.09128438297229799,1.031484291613712,0.9907176697312142
780,True,0.1438487745816376,1.2802215797827217,0.9461672217842358
781,True,0.08825192879518891,0.9533313834743372,0.9923508639926587
782,True,0.06444654159122155,1.2288184994316593,0.999
783,True,0.13732148349124357,1.2736167551844941,0.9536030407987236
784,True,0.009909467796754595,1.3044194727021527,0.7603853680713455
785,True,-0.01080856154611923,1.2757344744493113,0.999
786,True,0.05691069876757333,0.9394319016533109,0.992705634264699
787,True,-0.5418038605158875,1.2834909451659073,0.7411335152804821
788,True,0.010725664370857207,1.227924474661469,0.999
789,True,0.1310552188476192,0.9735391268537948,0.9585110815191383
790,True,0.0753441926003129,0.9591081659284897,0.9989999999999996
791,True,-0.10286273100163341,1.2275339335528765,0.9783856142295424
792,True,0.08492535461319164,0.9673072051203301,0.9976423742295703
793,True,0.08029242728828521,1.0281736166507975,0.999
794,True,0.39115525652515676,1.3487587535171033,0.8080926149784824
795,True,0.005312547870364646,1.3874546831992005,0.6437704318181859
796,True,0.1700886565615763,1.2675816703582223,0.999
797,True,0.094479931429197,1.0057780075163845,0.997884341592
798,True,-0.17799975097967405,1.6302338238462264,0.1652116926502963
799,True,0.08240483063269206,0.9601263120146513,0.9583222982074622
800,True,0.057824021058329546,1.2444111048208553,0.999
801,True,-0.2660434494110947,1.4534695080153004,0.999
802,True,0.08468858329101661,0.9471761834824762,0.977904194593781
803,True,0.055734824991389764,1.2422850157247267,0.999
804,True,0.10822149394402641,1.2551800956766042,0.999
805,True,0.0829268010435162,1.0323860323024594,0.9852409312055268
806,True,0.05909966253228692,0.9668990906086616,0.9961954183633145
807,True,-0.23095012891783612,1.2226538670874503,0.9478863200675679
808,True,0.029868094697362117,1.2541522382585668,0.999
809,True,0.04468681979691624,1.035469072567505,0.999
810,True,0.4552421527713767,1.3902704638337098,0.7338127891244414
811,True,0.1489624189059796,1.2698740877204682,0.8608777935313033
812,True,0.05943645063065542,0.9651000166090831,0.9986216775917414
813,True,0.0720220080825561,0.9934185414815775,0.9989397789823405
814,True,0.09436612679976591,1.2390892962189686,0.9743045109191255
815,True,0.05168893299085698,0.9643105581838093,0.9972426272295594
816,True,-0.06609710103545181,1.2552838238188557,0.999
817,True,0.0905705355592839,1.241183624360202,0.9516481588154537
818,True,0.06989979066535648,1.2518013804786607,0.999
819,True,0.062339173690653935,0.9545831560252693,0.999
820,True,0.08556586313159494,0.9671531604504393,0.9954768525153556
821,True,0.06103264998152186,0.9962137646946384,0.9965843659689501
822,True,0.07920749481929805,1.0169621240011226,0.9973461843144861
823,True,0.054570118087945305,1.0502526227818838,0.95
824,True,0.06127060782381242,0.9499316495635725,0.999
825,True,0.15733067200285286,1.2778226941565745,0.916554157282774
826,True,0.06586538640581409,1.0142002659079448,0.9976987692101447
827,True,0.12904953483253964,1.2513596039014845,0.999
828,True,-0.28342317189244537,1.3872764633169954,0.5737030359168002
829,True,0.08542889229813029,1.2562965815954452,0.999
830,True,0.1635523388384876,1.2327262916657082,0.9989072080499979
831,True,-0.04594762182080813,1.222999754200841,0.999
832,True,-0.008355399853713483,1.2386074582201023,0.999
833,True,0.12298236395085906,1.2564814976850216,0.999
834,True,0.05023993487519769,1.0103649574181135,0.9987131944141354
835,True,-0.07885753865249591,1.2562542247053583,0.9708258999888578
836,True,0.08695192236257693,0.9662696744719638,0.9925410156162138
837,True,-0.14924920078826107,1.3156207922475402,0.8440730936424151
838,True,0.052614139491812414,1.051023593934361,0.9500643904254791
839,True,0.038582165338087344,0.965541736663411,0.999
840,True,0.06294630709585498,0.9377125018344825,0.9951951601029447
841,True,-0.03914074931349794,1.625507559208777,0.20551949451487364
842,True,0.046460929146459995,1.249734781136756,0.999
843,True,0.14034970956623885,1.516874127902471,0.40162024634958243
844,True,0.14977608003878187,1.2372376942443748,0.9805199825070634
845,True,0.2219685920997321,1.2727386458799057,0.9351419874730068
846,True,0.20644683539116687,1.272695729202699,0.999
847,True,0.06464421622301852,0.9719277203283961,0.999
848,True,0.05002657953486441,1.3107477711783477,0.8181458888259642
849,True,0.08595105740363741,1.4751353307668607,0.999
850,True,0.08630400388170982,0.9349085494550434,0.9987474164561269
851,True,0.31476423963802264,1.4340526942817557,0.5500423018821765
852,True,0.34955362952614977,1.2803736385784312,0.999
853,True,0.12049177619693466,0.9817012672213075,0.999
854,True,-0.015646417833524676,1.2627491606519485,0.9408853315125278
855,True,-0.05711883247931076,1.24650161737532,0.999
856,True,0.03619459516047559,0.968390341272874,0.999
857,True,0.09584775769886182,1.2610014403437777,0.999
858,True,0.07330827076677514,0.9771692479133662,0.9932447813928966
859,True,-0.07805633726180307,1.241290959902553,0.999
860,True,0.0011927414892938357,1.3050494491810336,0.844387761636237
861,True,0.0014876269162103618,1.2233641914995041,0.999
862,True,0.06734221264272068,0.9893706713945029,0.9976911051842676
863,True,-0.013589879421155167,1.4098645051704377,0.5981505215209592
864,True,0.06682449797988116,0.9762883584366826,0.9989153071578044
865,True,-0.016193265809761527,1.3712303058720559,0.6556428322935675
866,True,0.19849659966910357,1.2547905827318775,0.999
867,True,-0.0691129475757243,1.2339577736913312,0.9967799301027576
868,True,-0.039968763559280716,1.562467890035345,0.29887370023467813
869,True,0.2587896265576014,1.6426944070435627,0.945516643804756
870,True,0.08628656712806403,1.2413210893692803,0.9500393687562745
871,True,0.06185296739254125,1.2682198517113001,0.9257396248063939
872,True,0.15993081570289003,1.3166145300498797,0.751401517195766
873,True,0.08185875319168716,1.030194419244238,0.9989999999688364
874,True,0.2381188416951646,1.43298343173822,0.5881116794831629
875,True,0.106165638789741,1.256424159137073,0.9986758185334071
876,True,-0.03631250822954551,1.2354766039282805,0.9346969428817189
877,True,-0.5452598701641518,1.2216199748772383,0.8734443792716308
878,True,0.07771964879180013,1.2583905374382691,0.999
879,True,0.06933578694914787,1.278874179958832,0.8957848070682675
880,True,-0.10355031740967509,1.2193148831089788,0.9946706197273854
881,True,0.5227933647953912,1.3676354234710084,0.7749325135354082
882,True,0.07092598693954007,0.9195085502542255,0.9753867331867909
883,True,0.077649392202328,0.9688111129550625,0.9935333636024699
884,True,0.12508500925405155,1.2378611011028577,0.999
885,True,0.015923868503263786,1.4533413714266183,0.48056235891891863
886,True,0.1685080564357321,1.344373566612675,0.7341837077688524
887,True,-0.01339781908843631,1.254893379932281,0.999
888,True,-0.08767702241707734,1.3685869286552763,0.6278428687175909
889,True,0.027591769008461133,1.2506253546540305,0.999
890,True,0.09112441658988028,0.9928329376536699,0.9985806543470077
891,True,-0.1779699915220629,1.2246300111779058,0.9897991344898525
892,True,0.16474404432637896,1.281722946239987,0.8493001920635697
893,True,0.04275335065948802,1.246171941971365,0.9760634687626466
894,True,0.03666583236450025,1.0416654428528682,0.9500084039452948
895,True,-0.29165178391490065,1.5385014832356183,0.2257465914431904
896,True,0.01856080113408956,0.9949668470278752,0.999
897,True,-0.009720054314102458,1.420798678351446,0.5602263897590067
898,True,0.01443795427095484,1.281260867972449,0.927616560802079
899,True,0.055281933196461706,0.9787533959318104,0.9499999961192632
900,True,-0.07979702053769387,1.2810370505498758,0.8687568509314826
901,True,0.06825770228658477,1.245325782717861,0.999
902,True,0.02147274751209991,1.2500846338013902,0.999
903,True,0.04164403151833976,0.9497555276375242,0.9989026521733408
904,True,0.05586504358020619,1.0696509138041097,0.999
905,True,-0.0009829086899452429,1.252418192674507,0.999
906,True,0.10576000501849754,1.295836780589637,0.8501768689953224
907,True,0.09294054071540114,0.9984567537436375,0.993926491875356
908,True,0.1489029606563813,1.279681935242954,0.999
909,True,0.0538648062427324,0.9884282410419825,0.9765270305238318
910,True,0.011679593603440586,1.665366857302177,0.08026906258322161
911,True,0.22936005778512164,1.2479979573837585,0.9682853816827556
912,True,0.06878160001374668,0.9900164380762798,0.9636819582976054
913,True,0.12782008583597043,1.261258519367516,0.9144852136731539
914,True,0.04646204194968495,1.24334761623052,0.9595877546686761
915,True,-0.0009974816321977587,1.302104455664035,0.8291260559616478
916,True,0.07162592283849288,1.0048303375132053,0.999
917,True,0.06495366786989262,0.930194258419773,0.9838571621671668
918,True,0.16014468646177465,1.2703184992861232,0.999
919,True,0.06638650007919407,1.0136705798436685,0.9973999241176883
920,True,0.06600361503206263,0.948538328460215,0.9982320363003881
921,True,0.11260580295996564,1.4178450612588853,0.5002486089185593
922,True,0.10191807629101968,0.9905940399135013,0.9981771946240716
923,True,0.08640353986928191,1.016621759465576,0.998429206145182
924,True,0.06754822875483381,0.951209485419443,0.9903587034531761
925,True,0.2480918458704556,1.4494411664195266,0.570169261820638
926,True,0.07889705688985915,1.3349372322229485,0.77945378526449
927,True,0.04934112642547184,0.9749468821937617,0.9889102851338146
928,True,0.09618856243789797,0.952236472237132,0.999
929,True,0.09639194998903786,0.9665479742717662,0.9844437424160609
930,True,0.0815988903930617,0.9736714243686958,0.9854381259395204
931,True,0.026553558666796914,0.9819425281705576,0.9939912395737937
932,True,0.054272534230623976,1.5566820988535768,0.999
933,True,0.06820869048369962,0.9644704627720841,0.9859389256120639
934,True,0.35203380155640707,1.3556164300336742,0.6968186788072802
935,True,0.16280137403172798,1.2683074262376597,0.9914997401392602
936,True,-0.1628369086350181,1.3379788505538757,0.6890698529450888
937,True,0.0530230284936718,0.9578466278748555,0.9783639196665368
938,True,0.06817077015308831,0.9862775989755735,0.9931684930318535
939,True,0.11286670249099985,1.260505267047242,0.9127529478452981
940,True,0.1875585113773428,1.2492398011519312,0.999
941,True,0.020949225543338876,1.2937328092215785,0.8278031868114892
942,True,0.1181173274040843,1.2431785337100325,0.999
943,True,-0.14471676742979467,1.675802234893531,0.19266615095696898
944,True,0.17140349689229836,1.2691629516662084,0.9912101901313397
945,True,0.24415843809726454,1.2717546222043472,0.9801281635114432
946,True,0.13088240063096893,0.9615158735295297,0.9989999999999977
947,True,0.3035812070462601,1.256506482629827,0.9768720724007178
948,True,0.10322323978799126,0.9431214822061827,0.9853922406347725
949,True,0.06861541891618467,1.5829136746396602,0.999
950,True,0.17840583291599976,1.5073887162076565,0.38129422461736
951,True,0.015200710161198852,1.037058517872432,0.95
952,True,0.11638179269278114,1.2454408667470347,0.999
953,True,0.19149189216489643,1.2659614153784167,0.9551806407485535
954,True,0.08411939240739022,0.940687600134844,0.999
955,True,0.24302403336713396,1.256515330187753,0.999
956,True,0.050108506323576656,0.989511289756659,0.9931892641776788
957,True,0.07484933878556053,1.0129718784283803,0.9948313479111353
958,True,0.06467298487664051,0.9048575939939574,0.9977440660903563
959,True,0.08862681707876618,0.9953380554787615,0.997726195246559
960,True,0.0034354525413847854,1.2377029868737262,0.999
961,True,0.00928234935543328,1.003295118756382,0.9965289813550825
962,True,0.03667591994116158,1.4075776094029362,0.5577550449067562
963,True,0.06348603273028812,1.2420621331472268,0.9563331478633311
964,True,0.10072792839955289,1.0016446066695959,0.987827211645085
965,True,0.04495267974256294,1.009801178488658,0.9797356774285252
966,True,-0.08928858924290475,1.2840454240755061,0.999
967,True,0.03384497171779218,1.0283171088097465,0.9695261781500554
968,True,-0.07914709245141213,1.3885365173855977,0.6131353291190146
969,True,0.2582051609631617,1.2861151232141619,0.999
970,True,-0.10014689076806894,1.2423139951994726,0.9551972099487839
971,True,0.07621690397397632,0.9712784260954408,0.9788065905262384
972,True,0.06828762839026828,1.5484955003222705,0.999
973,True,0.023853035010953132,1.3430223214974304,0.6741567756856711
974,True,0.07243300931020712,0.9907297327200838,0.9702048249005025
975,True,-0.012201734679621766,1.265249152506989,0.999
976,True,0.07846318602724599,1.2565783106797095,0.953278096109897
977,True,0.04057971844864338,0.995180925633792,0.9890220177188449
978,True,0.1192122992959257,1.2649653602905038,0.999
979,True,0.20545798851140232,1.2865673903665105,0.8600083458871931
980,True,0.05483250610526048,0.9339263839620544,0.9548417293062097
981,True,-0.09840082572849895,1.214740535523279,0.998903173138665
982,True,0.04424276108048759,1.0570344712943351,0.9989999941849864
983,True,0.07582682204088766,1.6257078487713792,0.9989999991149994
984,True,0.06460687133859132,1.5342382783683164,0.999
985,True,0.07310138984143881,0.909159961279993,0.9975973802361734
986,True,0.07523386137027513,1.0275824219535146,0.9910113596453319
987,True,0.0718036688293391,1.0544953112247721,0.9500000141524487
988,True,0.17898583358538206,1.2550422610849954,0.9989928803827938
989,True,0.06767963752774192,0.941215091475584,0.9762124491872667
990,True,-0.08539153767858733,1.284125198607343,0.8030711293482942
991,True,0.07248421561208619,0.9845032751880104,0.9871923187943673
992,True,0.09435594299846448,0.9053455496680265,0.9972814689887437
993,True,0.09067648755357231,0.9277317444821629,0.9969247998604414
994,True,0.09874254530626271,1.2418606239673522,0.9517637361837351
995,True,0.06106896530069466,0.9627072155774211,0.9989985395131102
996,True,0.10915963556581132,0.9883196729804056,0.9989999965776191
997,True,0.14563589390190249,1.3736747020576763,0.999
998,True,0.08013717174475864,0.9627439181206013,0.9953766685743836
999,True,0.1093147120865268,0.9602506663280422,0.996670992806939
1000,True,0.0696217098075831,0.9777639202384072,0.9949901311336168
